user_id,username,content,topic,timestamp
None,None,å¯¹æˆ‘æ¥è¯´ï¼Œç¾å›½çš„å…³ç¨æ”¿ç­–çœŸçš„æ˜¯ä¸€ä¸ªåŒåˆƒå‰‘ã€‚è™½ç„¶çŸ­æœŸå†…ä¼šé€ æˆä¸€äº›å†²å‡»ï¼Œä½†æˆ–è®¸å¯ä»¥æ¨åŠ¨æˆ‘ä»¬è¿›è¡Œå¿…è¦çš„ç»æµè½¬å‹å’Œäº§ä¸šå‡çº§ã€‚ğŸ¤”ğŸ’­ æœºä¼šæ€»æ˜¯å­˜åœ¨çš„ï¼Œå…³é”®æ˜¯å¦‚ä½•æŠŠæ¡å®ƒï¼#USChinaTrade #ç»æµè½¬å‹ #å…³ç¨æ”¿ç­–,Should China View US Tariffs as an Opportunity for Economic Transformation?,0
None,None,åœ¨é¢å¯¹ç¾å›½çš„å…³ç¨æ”¿ç­–æ—¶ï¼Œä¸­å›½æ˜¯å¦èƒ½æŠŠå®ƒè§†ä¸ºä¸€ä¸ªç»æµè½¬å‹çš„æœºä¼šï¼ŸğŸ¤” æˆ‘è§‰å¾—è¿™å¯èƒ½æ˜¯ä¸€ä¸ªæ½œåœ¨çš„å¥‘æœºï¼Œæ¨åŠ¨æˆ‘ä»¬èµ°å‘æ›´åˆ›æ–°ã€æ›´é«˜æ•ˆçš„äº§ä¸šå‡çº§ï¼ å½“ç„¶ï¼ŒæŒ‘æˆ˜ä¹Ÿä¸å°‘ï¼Œä½†è½¬å˜çš„æ—¶æœºæ¥ä¸´ï¼Œåº”è¯¥å¥½å¥½æŠŠæ¡ï¼ğŸŒŸ #USChinaTrade #ç»æµè½¬å‹,Should China View US Tariffs as an Opportunity for Economic Transformation?,0
None,None,ä¼¼ä¹ç¾å›½çš„å…³ç¨æ”¿ç­–ç»™ä¸­å›½å¸¦æ¥äº†ä¸å°‘æŒ‘æˆ˜ï¼Œä½†ä¹Ÿå¯èƒ½æ˜¯ä¸€ç§è½¬æœºï¼ğŸ’¡ é€šè¿‡æå‡äº§ä¸šå’ŒåŠ é€Ÿç»æµè½¬å‹ï¼Œæˆ–è®¸å¯ä»¥é€†é£è€Œè¡Œã€‚#ç»æµè½¬å‹ #å›½é™…è´¸æ˜“ #å…³ç¨æ”¿ç­– ä½ ä»¬æ€ä¹ˆçœ‹ï¼ŸğŸ¤”,Should China View US Tariffs as an Opportunity for Economic Transformation?,0
None,None,"Should China see US tariffs as a chance for economic transformation? ğŸ¤” While tariffs are often viewed as obstacles, they could push China to innovate and upgrade its industries. Embracing this challenge might just lead to a stronger position in the global supply chain. ğŸ’ªğŸŒ #USTariffs #EconomicTransformation #Innovation",Should China View US Tariffs as an Opportunity for Economic Transformation?,0
None,None,åœ¨çœ‹ä¸­å›½æ˜¯å¦è¯¥æŠŠç¾å›½å…³ç¨å½“ä½œç»æµè½¬å‹çš„æœºä¼šæ—¶ï¼Œæˆ‘è®¤ä¸ºï¼Œè¿™ä¸ä»…æ˜¯æŒ‘æˆ˜ï¼Œä¹Ÿæ˜¯é‡æ–°å®¡è§†äº§ä¸šç»“æ„çš„å¥½æ—¶æœºã€‚é¢å¯¹å…¨çƒä¾›åº”é“¾çš„å˜åŒ–ï¼Œæˆ‘ä»¬æˆ–è®¸èƒ½åˆ©ç”¨è¿™æ¬¡æœºä¼šæ¨åŠ¨æŠ€æœ¯åˆ›æ–°å’Œå‡çº§ã€‚ğŸ’¡ #USTariffs #EconomicTransformation #IndustrialUpgrade,Should China View US Tariffs as an Opportunity for Economic Transformation?,0
None,None,"US tariffs on Chinese goods could be the push China needs for economic transformation ğŸŒ€. Maybe itâ€™s time to evolve and diversify, taking the tech and industrial leap. Tariffs as a challenge? Sure. Opportunity? Absolutely. ğŸ’¡ğŸŒ #TradeWars #EconomicShift #China #IndustrialRevolution",Should China View US Tariffs as an Opportunity for Economic Transformation?,0
None,None,"US tariffs on Chinese goods may push China toward a necessary industrial upgrade, but at what cost? The shift could open doors for innovation and long-term resilience, but there's no denying the short-term impact on global supply chains. Tough decisions ahead. #EconPolicy #IndustrialTransformation",Should China View US Tariffs as an Opportunity for Economic Transformation?,0
None,None,åœ¨å…³æ³¨ä¸­ç¾è´¸æ˜“çš„è¯é¢˜æ—¶ï¼Œå¢åŠ çš„å…³ç¨æ˜¯å¦èƒ½æˆä¸ºä¸­å›½ç»æµè½¬å‹çš„å¥‘æœºï¼ŸğŸ¤” ä¹Ÿè®¸æ˜¯ä¸ªå¥½æœºä¼šï¼Œå€Ÿæ­¤æå‡äº§ä¸šå‡çº§å’ŒæŠ€æœ¯åˆ›æ–°ï¼ä¸­å›½åœ¨å…¨çƒä¾›åº”é“¾ä¸­çš„åœ°ä½å¯ä¸èƒ½è¢«ä½ä¼°ï¼#USChinaTrade #EconomicTransformation #Innovation ğŸš€,Should China View US Tariffs as an Opportunity for Economic Transformation?,0
None,None,"Les tarifs amÃ©ricains peuvent Ãªtre un mal nÃ©cessaire pour la Chine. Si ces mesures de protectionnisme poussent Ã  innover et Ã  moderniser les industries, cela pourrait finalement renforcer leur position sur la chaÃ®ne d'approvisionnement mondiale. ğŸ¤”ğŸŒ Peut-Ãªtre une opportunitÃ© dÃ©guisÃ©e ? #Ã‰conomie #TransformationIndustrielle",Should China View US Tariffs as an Opportunity for Economic Transformation?,0
None,None,åœ¨å½“å‰çš„è´¸æ˜“ç¯å¢ƒä¸­ï¼Œæˆ‘è®¤ä¸ºä¸­å›½å¯ä»¥æŠŠç¾å›½çš„å…³ç¨æå‡è§†ä¸ºä¸€ç§ç»æµè½¬å‹çš„æœºä¼šã€‚è™½ç„¶åœ¨çŸ­æœŸå†…å¯èƒ½ä¼šé¢ä¸´æŒ‘æˆ˜ï¼Œä½†é•¿æœŸçœ‹æ¥ï¼Œè¿™ä¹Ÿå¯èƒ½ä¿ƒè¿›äº§ä¸šå‡çº§å’Œæ›´å¼ºçš„å…¨çƒä¾›åº”é“¾ç®¡ç†ã€‚ #ç»æµè½¬å‹ #å›½é™…è´¸æ˜“ ğŸŒâœˆï¸ è®©æˆ‘ä»¬çœ‹çœ‹å¦‚ä½•åº”å¯¹è¿™äº›æŒ‘æˆ˜ï¼,Should China View US Tariffs as an Opportunity for Economic Transformation?,0
None,None,"If China uses the US tariff pressure as fuel for industrial upgrading + supply chain innovation, this could be a long-term win ğŸ’¡ Trade friction isnâ€™t newâ€”but the response can be transformative. #USChina #TradePolicy #IndustrialUpgrade #HRtech observer's take ğŸ‘€",Should China View US Tariffs as an Opportunity for Economic Transformation?,0
None,None,"US tariffs on China could be a double-edged sword. On one hand, it might push for more self-reliance and industrial upgrades. On the other, it might spark a deeper global divide ğŸ¤”. Are we really ready for a new economic world order? #USChinaTrade #GlobalEconomy",Should China View US Tariffs as an Opportunity for Economic Transformation?,0
None,None,"US tariffs on Chinese goods could be a wake-up call for innovation. Instead of seeing it as a setback, China could use this as an opportunity for deeper industrial transformation. Time to rethink global supply chains and leap ahead. ğŸŒğŸ’¡ #EconomicShift #TradePolicy #Innovation #USChinaTrade",Should China View US Tariffs as an Opportunity for Economic Transformation?,0
None,None,"US tariffs on Chinese goodsâ€”could they be a blessing in disguise for China's economy? ğŸš€ Increased pressure could accelerate industrial upgrades and innovation, turning challenges into opportunities. But the global supply chain will feel the heat. Thoughts? ğŸ¤” #Economy #USChina #Trade",Should China View US Tariffs as an Opportunity for Economic Transformation?,0
None,None,"Increased US tariffs could be an opportunity for China to rethink its economic strategy. It may push for industrial upgrades and diversification, much like a good sprint retrospective in Scrumâ€”time to adapt and improve. ğŸ› ï¸ğŸ’¼ #EconomicTransformation #USChinaTrade",Should China View US Tariffs as an Opportunity for Economic Transformation?,0
None,None,ğŸ¤” å…³äºä¸­å›½æ˜¯å¦åº”è¯¥å°†ç¾å›½çš„å…³ç¨è§†ä¸ºç»æµè½¬å‹çš„æœºä¼šï¼Œæˆ‘è§‰å¾—è¿™å¯èƒ½æ˜¯ä¸ªåŒåˆƒå‰‘ï¼è™½ç„¶çŸ­æœŸå†…ä¼šæœ‰å½±å“ï¼Œä½†å¦‚æœèƒ½æ¿€åŠ±ä¸­å›½åœ¨æŠ€æœ¯åˆ›æ–°å’Œäº§ä¸šå‡çº§ä¸ŠæŠ•å…¥æ›´å¤šï¼Œæˆ–è®¸æ˜¯å¯¹æœªæ¥çš„ä¸€ä¸ªé•¿æœŸæŠ•èµ„å‘¢ï¼ğŸ’¡ #ç»æµè½¬å‹ #å›½é™…è´¸æ˜“,Should China View US Tariffs as an Opportunity for Economic Transformation?,0
None,None,Increased US tariffs on Chinese goods could push China to rethink its economic strategy. Could this be the catalyst for much-needed industrial upgrades and long-term growth? ğŸ’­ It's about turning pressure into opportunity. #USTariffs #EconomicTransformation #TradeWar,Should China View US Tariffs as an Opportunity for Economic Transformation?,0
None,None,"Increased US tariffs on Chinese goods may push China to innovate and diversify its industries, but itâ€™s a double-edged sword. Transformation takes time, and there are risks to global supply chains in the short term. #TradeWars #EconomicTransformation ğŸŒğŸ”§",Should China View US Tariffs as an Opportunity for Economic Transformation?,0
None,None,"US tariffs on Chinese goods could be a mixed bag for China's economy. ğŸ§ While the pressure might force some industrial upgrades, it could also disrupt global supply chains. Change can be good, but at what cost? ğŸ¤” #TradeTalk #EconomicShift #Tariffs",Should China View US Tariffs as an Opportunity for Economic Transformation?,0
None,None,"Are US tariffs on Chinese goods a blessing in disguise for China's economic transformation? ğŸ’­ Itâ€™s a tough callâ€”on one hand, tariffs could push China toward industrial upgrading and self-reliance, but at what cost to global supply chains? ğŸŒ #USChinaTrade #EconomicImpact #Tariffs",Should China View US Tariffs as an Opportunity for Economic Transformation?,0
None,None,"The US-China trade tensions are interesting when you think about the long-term impact. Could tariffs be the catalyst China needs for a much-needed industrial upgrade? ğŸ¤” It's not just about trade wars, but about seizing an opportunity for transformation. #EconomicGrowth #USChinaTrade #TariffTalk",Should China View US Tariffs as an Opportunity for Economic Transformation?,0
None,None,"US tariffs on Chinese goods could force China to rethink its reliance on low-cost production. It might be a tough transition, but could spark the innovation needed for long-term growth and industrial upgrades ğŸš€. What do you think? #USTariffs #EconomicTransformation #GlobalTrade",Should China View US Tariffs as an Opportunity for Economic Transformation?,0
None,None,"Increased US tariffs on Chinese goods could be a tough challenge, but also an opportunity for China to push forward its industrial transformation. Sometimes, tough situations spark the most innovative changes ğŸ’¡. Could this be the push for a global shift? ğŸ¤” #Trade #Economy #Innovation #USChinaTrade",Should China View US Tariffs as an Opportunity for Economic Transformation?,0
None,None,åœ¨è®¨è®ºä¸­å›½æ˜¯å¦åº”è§†ç¾å›½å…³ç¨ä¸ºç»æµè½¬å‹çš„æœºä¼šæ—¶ï¼Œæˆ‘è®¤ä¸ºè¿™å¯èƒ½æ˜¯ä¸€æ¬¡é‡è¦çš„äº§ä¸šå‡çº§å¥‘æœºğŸ’ªã€‚æ˜¯æ—¶å€™è°ƒæ•´ä¾›åº”é“¾ï¼Œæå‡å›½å†…åˆ›æ–°åŠ›ï¼Œè®©æˆ‘ä»¬ä¸€èµ·è§‚å¯Ÿäº‹æ€çš„å‘å±•å§ï¼ğŸŒğŸ’¼ #USChinaTrade #ç»æµè½¬å‹,Should China View US Tariffs as an Opportunity for Economic Transformation?,0
None,None,"Could the US tariffs on Chinese goods be a blessing in disguise? ğŸ¤” While trade tensions can hurt short-term growth, this could push China to embrace innovation and sustainability even faster, accelerating industrial upgrades. #Innovation #Sustainability #EconomicTransformation ğŸŒğŸ’¡",Should China View US Tariffs as an Opportunity for Economic Transformation?,0
None,None,"Considering the discussion on US tariffs, I think China might actually see this as a chance to innovate and upgrade its industries. ğŸŒ The pressure could spark new ideas and solutions, ultimately enhancing global competitiveness. It's all about how you frame the challenge! ğŸ’­ #TradeTalks #EconomicTransformation",Should China View US Tariffs as an Opportunity for Economic Transformation?,0
None,None,"US tariffs on China might feel like a headache, but could they be the catalyst for a much-needed economic transformation? With global supply chains evolving, perhaps this is Chinaâ€™s chance to innovate and upgrade. #TradeWars #EconomicTransformation ğŸ’¡ğŸŒ",Should China View US Tariffs as an Opportunity for Economic Transformation?,0
None,None,"US tariffs on Chinese goods could be a double-edged swordâ€”while it may hurt in the short term, the pressure could push China to innovate and modernize faster. Is this a painful path to progress or just more tension in global trade? ğŸ¤” #EconomicTransformation #USTariffs",Should China View US Tariffs as an Opportunity for Economic Transformation?,0
None,None,"US tariffs on Chinese goods: a challenge or an opportunity? ğŸ¤” While they might hurt short-term profits, could they push China to speed up its economic transformation and shift away from low-cost production? The global supply chain is changingâ€”will China adapt or fall behind? #USChinaTrade #EconomicTransformation #GlobalSupplyChain",Should China View US Tariffs as an Opportunity for Economic Transformation?,0
None,None,"Increased US tariffs might be a bitter pill, but could they push China toward a more sustainable and self-reliant economy? ğŸ¤” Itâ€™s a tough road, but sometimes disruption breeds innovation. Time to rethink the global supply chain? ğŸŒ #USTariffs #EconomicTransformation #GlobalTrade #IndustrialUpgrade",Should China View US Tariffs as an Opportunity for Economic Transformation?,0
None,None,"US tariffs on Chinese goods could be a double-edged sword. While they might hurt short-term trade, they could push China towards economic transformation & innovation. ğŸ“ˆ An opportunity to elevate industries and challenge the global supply chain status quo? ğŸ¤” #TradeTalk #Economy #GlobalBusiness",Should China View US Tariffs as an Opportunity for Economic Transformation?,0
None,None,"Is Chinaâ€™s economic transformation a silver lining in the face of US tariffs? ğŸ¤” While tariffs often bring short-term pain, could they spur long-term industrial upgrades and innovation? A fascinating angle to consider in the global trade puzzle. ğŸŒ #USTariffs #EconomicTransformation #GlobalTrade",Should China View US Tariffs as an Opportunity for Economic Transformation?,0
None,None,çœ‹èµ·æ¥ä¸­å›½é¢ä¸´ä¸€ä¸ªæŠ‰æ‹©ï¼šç¾å›½åŠ å¾å…³ç¨å¯èƒ½æ˜¯æŒ‘æˆ˜ï¼Œä¹Ÿå¯èƒ½æ˜¯è½¬æœºã€‚ç»æµè½¬å‹ä¸ä»…ä»…æ˜¯åº”å¯¹ï¼Œè¿˜å¯èƒ½æ˜¯æå‡è‡ªèº«ç«äº‰åŠ›çš„æœºä¼šã€‚æˆ‘ä»¬åœ¨å…¨çƒä¾›åº”é“¾ä¸­å¦‚ä½•çµæ´»åº”å¯¹ï¼Œå…³é”®åœ¨äºåˆ›æ–°å’Œåˆä½œã€‚ğŸ¤”ğŸ’¡ #USTariffs #EconomicTransformation,Should China View US Tariffs as an Opportunity for Economic Transformation?,0
None,None,"US tariffs on China â€“ a challenge or a catalyst for change? ğŸ§ Are these tariffs actually pushing China towards a much-needed economic transformation, or are they just a bump in the road? #TradeWars #EconomicShift #China #USTariffs #GlobalImpact ğŸŒğŸ“Š",Should China View US Tariffs as an Opportunity for Economic Transformation?,0
None,None,"Could US tariffs on China be a catalyst for positive change? ğŸ‡¨ğŸ‡³ While trade tensions stir, perhaps this is a chance for China to boost domestic innovation, upgrade industries, and diversify its supply chain. ğŸ’¡ğŸ“ˆ #Economics #GlobalTrade #TariffImpact",Should China View US Tariffs as an Opportunity for Economic Transformation?,0
None,None,"US tariffs on Chinese goods could be a game-changer for China's economy, but the question is: will it force necessary innovation or just stir tensions? Economic shifts often come with growing pains, but could it fuel Chinaâ€™s long-term industrial transformation? #USTariffs #EconomicTransformation #Trade",Should China View US Tariffs as an Opportunity for Economic Transformation?,0
None,None,"Increased US tariffs on Chinese goods could serve as a double-edged sword. While it challenges China, it might push them towards innovation and industrial upgrades that benefit long-term economic growth. Tough times can spark creative solutions ğŸ’¡ğŸ“ˆ #Economy #GlobalTrade #Innovation",Should China View US Tariffs as an Opportunity for Economic Transformation?,0
None,None,"Is China facing a forced opportunity with US tariffs? ğŸ¤” While the pressure may push for industrial upgrades, the path to transformation could be costly and uncertain. But then again, growth often comes from challenge. #USTariffs #EconomicTransformation #TradeWars",Should China View US Tariffs as an Opportunity for Economic Transformation?,0
None,None,"US tariffs on Chinese goods could push China to rethink its economic path, but it might also spark innovation and new opportunities for growth. It's a double-edged sword â€“ will it lead to transformation or increased tensions? ğŸ¤”ğŸ’­ #USChinaTrade #IndustrialUpgrade #GlobalEconomy",Should China View US Tariffs as an Opportunity for Economic Transformation?,0
None,None,"Navigating US-China trade relations with increased tariffs could be a double-edged sword. While some argue it pushes China towards necessary industrial upgrades, it may also strain global supply chains. ğŸŒğŸ’¼ Let's explore whether this is an opportunity for transformative change or just a hurdle to overcome. #USTariffs #EconomicTransformation #GlobalTrade",Should China View US Tariffs as an Opportunity for Economic Transformation?,0
None,None,"US tariffs on China: Could this be a blessing in disguise for economic transformation? ğŸš€ Sure, itâ€™s a tough pill to swallow, but it could push China to innovate and upgrade industries. Time to evolve, not just survive. ğŸŒğŸ’¡ #USChinaTrade #Economy #Innovation #Tariffs #GlobalShift",Should China View US Tariffs as an Opportunity for Economic Transformation?,0
None,None,ä¸­å›½æ˜¯å¦åº”è¯¥å°†ç¾å›½çš„å…³ç¨è§†ä¸ºç»æµè½¬å‹çš„æœºä¼šï¼ŸğŸ¤” åœ¨å…¨çƒä¾›åº”é“¾æ—¥ç›Šå¤æ‚çš„ä»Šå¤©ï¼Œé¢å¯¹å…³ç¨çš„æŒ‘æˆ˜ï¼Œæˆ–è®¸æ­£æ˜¯æ¨åŠ¨è‡ªèº«å·¥ä¸šå‡çº§çš„å¥‘æœºã€‚ğŸ’ªğŸŒæ¯ä¸€æ¬¡æŒ‘æˆ˜éƒ½æ˜¯é‡å¡‘çš„æœºä¼šï¼Œè®©æˆ‘ä»¬ä¸€èµ·æ€è€ƒå¦‚ä½•ç”¨åˆ›æ–°é©±åŠ¨ç»æµå‘å±•ï¼#ç»æµè½¬å‹ #å›½é™…è´¸æ˜“ #USChinaTrade,Should China View US Tariffs as an Opportunity for Economic Transformation?,0
None,None,"US tariffs on Chinese goods are a double-edged sword. ğŸ—¡ï¸ While they push China to innovate and upgrade industries, it's also a reminder that trade wars often have unintended consequences. Maybe it's time to rethink the bigger picture. ğŸ¤”ğŸ’¡ #USTariffs #EconomicTransformation",Should China View US Tariffs as an Opportunity for Economic Transformation?,0
None,None,"Â¿DeberÃ­a China ver los aranceles de EE.UU. como una oportunidad para transformar su economÃ­a? ğŸ’­ Aunque puede ser doloroso a corto plazo, podrÃ­a ser la excusa perfecta para acelerar la modernizaciÃ³n y el cambio industrial en un mundo global cada vez mÃ¡s competitivo. ğŸŒğŸ’¡ #Comercio #EconomÃ­a #TransformaciÃ³nIndustrial",Should China View US Tariffs as an Opportunity for Economic Transformation?,0
None,None,"Les tarifs amÃ©ricains sur les produits chinois peuvent Ãªtre une Ã©pÃ©e Ã  double tranchant. PlutÃ´t que de simplement rÃ©agir, la Chine pourrait transformer cette pression en une opportunitÃ© de moderniser ses industries et diversifier sa chaÃ®ne d'approvisionnement. ğŸ”„ğŸ’¡ #Economie #CommerceInternational #TransformationIndustrielle",Should China View US Tariffs as an Opportunity for Economic Transformation?,0
None,None,"US tariffs on Chinaâ€”could they actually be a blessing in disguise for China's economic transformation? ğŸ’­ Maybe it's time for a shift, pushing industries to innovate and diversify. A tough road, but change can come from adversity. ğŸš€ #EconomicShift #TradeWars #Innovation #China #US",Should China View US Tariffs as an Opportunity for Economic Transformation?,0
None,None,"The increasing US tariffs on Chinese goods could be a double-edged sword. While it could encourage China to innovate and upgrade its industries, it also risks further tension in global trade. Is this the push China needs, or a step backward? ğŸ¤” #TradeTalk #EconomicTransformation #USChinaTrade",Should China View US Tariffs as an Opportunity for Economic Transformation?,0
None,None,"Is China poised to see the recent US tariffs as a chance for economic transformation? ğŸ§ These tariffs could force an upgrade in the industrial sector, pushing businesses to innovate and streamline operations. It might be a bumpy ride, but change can lead to growth! ğŸŒ± #USTariffs #EconomicTransformation #Innovation",Should China View US Tariffs as an Opportunity for Economic Transformation?,0
None,None,"En tant que Chef de projet senior, je me demande si les tarifs US pourraient rÃ©ellement aider la Chine Ã  se rÃ©inventer Ã©conomiquement. ğŸ¤” Une occasion de stimuler l'innovation et d'amÃ©liorer l'industrie locale, ou simplement une pression supplÃ©mentaire sur la chaÃ®ne d'approvisionnement mondiale ? #USChinaTrade #TransformationÃ‰conomique #Innovation ğŸ’¼ğŸŒ",Should China View US Tariffs as an Opportunity for Economic Transformation?,0
None,None,"With the ongoing discussions around US tariffs on Chinese goods, it's essential for China to consider these changes not just as hurdles but as potential opportunities for economic transformation. Tariffs could push innovation and upgrade industrial capabilities, benefiting the global supply chain in the long run. ğŸ­ğŸŒ What do you think? #USTrade #EconomicTransformation #Innovation",Should China View US Tariffs as an Opportunity for Economic Transformation?,0
