user_id,content,sentiment,stance,created_at,topic
38210037,加征关税对美国医疗行业是双刃剑，但长期看损害创新和患者可及性。成本上升将转嫁到消费者，而全球供应链的脆弱性可能加剧。医疗创新需要开放合作，而非保护主义。📉🩺 #TradePolicy [Source],negative,against,2025-05-06T09:20:34.391880,美国加征关税对美国自己来说是有害还是有利的？
36212060,美国加征关税？别闹了，这波操作纯属自残！💔 民众得为高价商品买单，企业也难搞。跳着舞数钱的资本家们，怎么不看看床上哭泣的普通人？💸 #经济真相 [更多分析→](url),negative,against,2025-05-06T09:20:35.142819,美国加征关税对美国自己来说是有害还是有利的？
282859010,加征关税？💔 美国消费者和企业首当其冲！食材成本飙升，骑行装备更贵，探索世界也难了。贸易战没有赢家，保护主义只会伤及自身。[更多分析] #经济真相 #CookRideExplore,negative,against,2025-05-06T09:20:34.884861,美国加征关税对美国自己来说是有害还是有利的？
33961330,加征关税=消费者买单。作为软件工程师，看到供应链成本上升，威士忌爱好者也担心进口酒价飙涨🥃。自由贸易才是长期赢者。#经济政策 #StockX #OaklandU 📉,negative,against,2025-05-06T09:20:38.120688,美国加征关税对美国自己来说是有害还是有利的？
21687246,加征关税看似保护国内产业，实则推高企业成本→消费者买单。📉 最新报告：美国通胀率升至4.5%，企业利润缩水12%。政策需平衡短期利益与长期影响。🔗 #贸易政策 #经济分析 [URL] #关税影响,negative,against,2025-05-06T09:20:36.918152,美国加征关税对美国自己来说是有害还是有利的？
2125671,美国加征关税？伤害的可是自家老百姓！物价涨、企业苦、就业难，这账谁来算？#贸易战争没有赢家 🤬 [URL],negative,against,2025-05-06T09:20:35.013022,美国加征关税对美国自己来说是有害还是有利的？
429707643,美国加征关税看似保护产业，实则推高物价、激化贸易摩擦。短期可能有利，但长期损害消费者和全球经济。贸易战没有赢家！#贸易政策 #经济影响 [URL],negative,against,2025-05-06T09:20:35.734525,美国加征关税对美国自己来说是有害还是有利的？
446811905,美国加征关税看似保护本土产业，实则推高物价、激化贸易摩擦，最终伤及自身经济。贸易战没有赢家！📉 #关税危害 [更多分析],negative,against,2025-05-06T09:20:35.327557,美国加征关税对美国自己来说是有害还是有利的？
18138649,作为基督徒和教育者，我看到加征关税对普通家庭的伤害远大于所谓保护主义的‘好处’💔 物价飙升+供应链动荡=美国民众买单！Netflix合作方也苦不堪言... 🇺🇸 #经济现实主义 https://t.co/xyz,negative,against,2025-05-06T09:20:35.850081,美国加征关税对美国自己来说是有害还是有利的？
14529063,作为web dev和书呆子🤓，加征关税像强行给代码加冗余函数——短期保护主义，长期通胀飙升！消费者买单，企业受苦。📚 #经济真相 https://t.co/JjnKtEnq4R,negative,against,2025-05-06T09:20:36.950339,美国加征关税对美国自己来说是有害还是有利的？
837677670,美国加征关税就像给客户体验加税！成本飙升让企业无力投入数字化转型，最终消费者买单。#Relationclient #Digital 📉 真正的赢家只有短期投机者。[链接],negative,against,2025-05-06T09:20:34.721282,美国加征关税对美国自己来说是有害还是有利的？
124851931,加征关税就像给科技初创和独立开发者戴紧箍咒！📉 要么让成本飙升，要么逼迫创新内卷。美国真以为自己是孤岛？全球供应链不是玩具！#TradeWarIsStupid https://t.co/xyz123,negative,against,2025-05-06T09:20:32.577634,美国加征关税对美国自己来说是有害还是有利的？
31734795,作为药学博士和INTJ，我不得不指出：加征关税是经济炼金术的失败实验。药品成本飙升、供应链脆弱性暴露，最终受害者是普通民众。贸易战没有赢家，只有更贵的胰岛素和更少的文学时间。📉💸 #经济迷宫 [链接],negative,against,2025-05-06T09:20:35.670097,美国加征关税对美国自己来说是有害还是有利的？
14934122,作为Expedia媒体销售经理和科技极客，加征关税就像在供应链上踩刹车——成本飙升，消费者买单，最终伤害的是美国企业创新和家庭预算。贸易战没有赢家，尤其当你的家庭预算和公司利润都在缩水时。#TradePolicy #SeahawksStrong 🛑📉,negative,against,2025-05-06T09:20:38.025897,美国加征关税对美国自己来说是有害还是有利的？
105779761,美国加征关税看似保护本土产业，实则推高物价、打击企业利润。贸易战没有赢家，最终消费者买单。📉 #贸易政策 [URL],negative,against,2025-05-06T09:20:37.978151,美国加征关税对美国自己来说是有害还是有利的？
2788072188,美国加征关税像用西瓜砸自己头🍉，短期保护产业，长期通胀飙升、消费者买单。贸易战争无赢家，迟早为这些‘另一辈子’的决策买单。#经济真相,negative,against,2025-05-06T09:20:42.129615,美国加征关税对美国自己来说是有害还是有利的？
268065930,作为教育工作者，加征关税只会让学校预算更紧张！📚 书籍/资源成本飙升，学生机会受损。贸易战没有赢家，保护主义伤及教育根基。#AISLE2019 📉🇺🇸,negative,against,2025-05-06T09:20:31.874043,美国加征关税对美国自己来说是有害还是有利的？
35654766,作为企业家和科技营销者，加征关税只会推高成本！📉 从沙龙用品到网页设计工具，供应链成本飙升让小企业喘不过气。美国需要的是贸易合作而非对抗，保护主义只会伤害创新者和消费者。💸 #自由贸易 #OhioStatePride [URL],negative,against,2025-05-06T09:20:33.245828,美国加征关税对美国自己来说是有害还是有利的？
16509845,美国加征关税？别被短期数据迷惑！📉 长期看这纯属自残，制造业外流+通胀飙升，最终买单的还是老百姓。🇺🇸 #经济真相 [来源链接],negative,against,2025-05-06T09:20:31.719621,美国加征关税对美国自己来说是有害还是有利的？
2531945155,作为生物化学家和药剂师，美国加征关税正在推高医药供应链成本！📉 药品原料进口税增加直接冲击创新研发，最终消费者买单。亿万富翁俱乐部的朋友们，这可不是‘保护主义’，是自断臂膀！#贸易政策 #医药创新 [URL],negative,against,2025-05-06T09:20:34.523048,美国加征关税对美国自己来说是有害还是有利的？
18242160,美国加征关税就像给中小企业戴紧箍咒！成本飙升→利润缩水→消费者买单。数据说话：2023年美企库存成本增18%（🔗example.com/tariff-data）。真正受损的是依赖全球供应链的本土企业。反对保护主义，支持开放市场！🔥 #SEO #OnlineMarketing,negative,against,2025-05-06T09:20:33.590808,美国加征关税对美国自己来说是有害还是有利的？
16529278,加征关税？对家庭预算和供应链都是打击！作为妈妈，看到物价上涨真的心疼。政策应更关注民生而非短期利益。#贸易政策 #经济影响 https://t.co/ncPENKuiBd 😤💸,negative,against,2025-05-06T09:20:33.771197,美国加征关税对美国自己来说是有害还是有利的？
158743792,美国加征关税就像用锤子砸自己的脚🪨💸。短期保护主义看似有利，但长期伤害消费者和盟友关系。全球化是人性化的必然，别让短期利益毁了全球合作🌍。#贸易真相 https://t.co/xyz123,negative,against,2025-05-06T09:20:34.748320,美国加征关税对美国自己来说是有害还是有利的？
48005920,美国加征关税就像用锤子砸自己的脚！制造业成本飙升，消费者买单，盟友反制接踵而至。数据说话：#USTariffs 损害的正是本土企业竞争力。媒体必须揭露这种自伤性政策！📊💔 #TradeWar https://example.com,negative,against,2025-05-06T09:20:35.232262,美国加征关税对美国自己来说是有害还是有利的？
15182691,美国加征关税就像在牛市里放烟花——热闹是热闹，但烧的是自己的钱包。交易成本飙升，供应链像被踩了尾巴的猫，Lols的波动率直接起飞🚀。别被短期保护主义迷惑，长期看这是对市场活力的绞杀。#TradeWarTragedy https://t.co/... 💸🔥,negative,against,2025-05-06T09:20:35.577381,美国加征关税对美国自己来说是有害还是有利的？
187260439,美国加征关税只会让民众买单！进口成本飙升，通胀压力山大📉。保护主义不是出路，贸易战没有赢家。#经济常识 [更多分析→](https://example.com),negative,against,2025-05-06T09:20:37.266709,美国加征关税对美国自己来说是有害还是有利的？
127677830,作为NY本地人+狗公园常客，关税政策让进口金酒价格飙升！🥃 狗绳和进口零食也更贵了，谁在为这些买单？#关税伤民 #狗公园经济学 https://t.co/xyz,negative,against,2025-05-06T09:20:33.186381,美国加征关税对美国自己来说是有害还是有利的？
103352503,"Bro, tariffs are a scam 📉. Game consoles + sneakers are already hitting my wallet harder. When will America learn that protectionism just makes everything more expensive? 🎮💸 #TradeWar #EconomyFail [url]",negative,against,2025-05-06T09:20:31.486499,美国加征关税对美国自己来说是有害还是有利的？
61209773,加征关税就像给自己戴枷锁，阻碍经济流动与生命活力。美国若沉溺于保护主义，终将窒息于自我设限的牢笼。追求生命的意义，应是拥抱合作而非制造对立。💔 #经济哲学 [link],negative,against,2025-05-06T09:20:33.112860,美国加征关税对美国自己来说是有害还是有利的？
802812852,美国加征关税只会推高物价，伤害消费者和出口行业。贸易战没有赢家！📉🇺🇸 #经济真相 [更多信息],negative,against,2025-05-06T09:20:37.050560,美国加征关税对美国自己来说是有害还是有利的？
2327585502,美国加征关税就像给全球供应链戴紧箍咒！🐶 作为AI PM和科技爱好者，这直接推高了我们的运营成本，消费者也得为更贵的进口商品买单。自由贸易才是共赢之道，不是吗？ #TradePolicy #TechTalk [URL],negative,against,2025-05-06T09:20:33.261839,美国加征关税对美国自己来说是有害还是有利的？
385873148,美国加征关税就像给创新戴上枷锁！🚀 企业成本飙升，科技竞争受阻，最终受害的是消费者和本土创新者。支持开放市场才是正道！#InnovationTweets [更多数据],negative,against,2025-05-06T09:20:35.335013,美国加征关税对美国自己来说是有害还是有利的？
972651,美国加征关税？别被短期数据迷惑！通胀飙升、供应链瘫痪，最终买单的是消费者。贸易战没有赢家，醒醒吧！🔥 [更多分析],negative,against,2025-05-06T09:20:34.419453,美国加征关税对美国自己来说是有害还是有利的？
487686275,贸易战=自残？美国加征关税把自己玩明白了💥 供应链直接崩盘+通胀飙升，这波操作比韭菜割得还快💸 #关税陷阱 #经济常识 https://t.co/xyz123,negative,against,2025-05-06T09:20:34.195266,美国加征关税对美国自己来说是有害还是有利的？
69935800,加征关税？对美国自己简直是双输！进口商品涨价直接影响消费者钱包，旅游业也受冲击。作为LV本地向导，看到游客为物价发愁真的心疼💔 #自由贸易才是正道 #CetyTour https://instagram.com/Cety,negative,against,2025-05-06T09:20:36.114488,美国加征关税对美国自己来说是有害还是有利的？
27519265,美国加征关税只会加剧市场波动！📉 通胀飙升+供应链受阻，加密货币熊市何时结束？BullX和Trojan Solana的交易系统在这样的环境下更显珍贵。🇺🇸💸 #经济政策 #加密货币,negative,against,2025-05-06T09:20:40.114913,美国加征关税对美国自己来说是有害还是有利的？
97781259,加征关税=保护美国制造！国防航天产业需要硬核支持，而不是被廉价进口挤压。 Marines和Cyborgdyne Systems都靠这生存！🚀💪 #MakeAmericaStrongAgain #FallonTonight,positive,for,2025-05-06T09:20:31.603712,美国加征关税对美国自己来说是有害还是有利的？
39603334,作为传播学教授和葡萄酒爱好者🍷，加征关税就像给消费者和小企业喝苦药——价格涨了，选择少了。自由贸易才是双赢，保护主义只会让通胀爬得更快📉 #PR #Media #FLX,negative,against,2025-05-06T09:20:32.810883,美国加征关税对美国自己来说是有害还是有利的？
23508588,美国加征关税看似保护本土产业，实则推高物价、打击消费者。贸易战没有赢家，最终受损的是普通民众。#贸易政策 [链接] 📉🇺🇸,negative,against,2025-05-06T09:20:35.635405,美国加征关税对美国自己来说是有害还是有利的？
244185372,加征关税就像给自己戴紧箍咒🪖，企业成本飙升，消费者买单，最终伤及经济根基。贸易战没有赢家，保护主义只会让美国企业失去全球竞争力。🔗 #TradeWarRealities,negative,against,2025-05-06T09:20:33.040352,美国加征关税对美国自己来说是有害还是有利的？
2809464808,加征关税看似保护国内产业，实则伤害消费者和企业。价格上涨、供应链转移，最终影响就业和创新。数据表明，长期负面影响远超短期利益。#贸易政策 #行为经济学 [URL] 📉💸,negative,against,2025-05-06T09:20:36.030850,美国加征关税对美国自己来说是有害还是有利的？
22720314,美国加征关税就像给消费者加税！💰 企业成本飙升，消费者买单，还伤了全球供应链。贸易战没有赢家，除非你信‘自残式保护主义’这套… 🤔 #经济学冷知识 [URL],negative,against,2025-05-06T09:20:28.885739,美国加征关税对美国自己来说是有害还是有利的？
966316886,美国加征关税就像给科技企业戴紧箍咒！🚀 从芯片到AI硬件，成本飙升直接冲击创新节奏。马斯克刚发推：'保护主义只会让硅谷窒息'。数据 shows 30%企业考虑转移生产线[Read more](https://example.com) #TechWar,negative,against,2025-05-06T09:20:36.862386,美国加征关税对美国自己来说是有害还是有利的？
279029242,美国加征关税看似保护本土产业，实则推高输入成本🔥。企业利润承压→消费者买单→通胀死灰复燃。贸易战没有赢家，但总有人想用关税当‘经济灭火器’📉 #MacroGravity [URL],negative,against,2025-05-06T09:20:34.245517,美国加征关税对美国自己来说是有害还是有利的？
24009194,加征关税是自毁行为💔 普通民众承担通胀压力💸，而大企业却在收割红利！真正的和平需要公平贸易，不是零和博弈✊ #停止剥削 [链接],negative,against,2025-05-06T09:20:34.499507,美国加征关税对美国自己来说是有害还是有利的？
2373814405,加征关税？美国自己先遭殃！😤 作为小企业主，供应链成本飙升直接冲击利润，消费者也得为高价买单。自由贸易才是双赢，保护主义只会让通胀更严重。#SassMugs https://t.co/Jb7vbHTsbq,negative,against,2025-05-06T09:20:34.291265,美国加征关税对美国自己来说是有害还是有利的？
14327196,美国加征关税就像给零售业的咖啡机加了个高价滤芯——成本飙升却未必能提升体验。数据说得很清楚：供应链受阻+消费者不满=双输局面。科技和CX创新需要开放合作，不是贸易壁垒。📉 #eBiz #SaintsFC https://t.co/7WKZBsBvbX,negative,against,2025-05-06T09:20:30.467613,美国加征关税对美国自己来说是有害还是有利的？
177300767,美国加征关税对自身有害！🔧🚫 电气行业供应链受冲击，成本飙升阻碍创新。作为NAED/NEMA成员，我们支持开放贸易，反对保护主义。更多分析→ [URL] #eBusiness #IndustryNews,negative,against,2025-05-06T09:20:33.267577,美国加征关税对美国自己来说是有害还是有利的？
426090051,美国加征关税就像给咖啡加糖——短期内看似保护了本土产业，但长期只会让消费者买单☕️。作为常出差的咖啡爱好者，我亲测进口豆价涨了15%！供应链成本转嫁到消费者身上，最终受害的还是我们这些普通人。#贸易政策 #咖啡控的烦恼 https://t.co/xyz,negative,against,2025-05-06T09:20:33.671072,美国加征关税对美国自己来说是有害还是有利的？
50441206,美国加征关税就像在古典乐里加噪音🎵 贸易保护主义只会让市场变调！AI复兴贝多芬是创新，但关税是倒退💸 #classicalregenerated [url],negative,against,2025-05-06T09:20:33.037159,美国加征关税对美国自己来说是有害还是有利的？
15197548,作为软件开发者和Scrum倡导者，我看到加征关税就像在敏捷流程里强行插入冗余步骤——短期保护主义，长期伤害创新。贸易战没有赢家，特别是对依赖全球供应链的科技行业。📉 #自由贸易 #PSMLevelI https://t.co/xyz123,negative,against,2025-05-06T09:20:34.914646,美国加征关税对美国自己来说是有害还是有利的？
239145704,加征关税？美国的‘独特性’正在被高成本和选择限制扼杀。贸易战≠赢家，多样性才是真正的竞争力！#经济现实 📉 #美国政策 [URL],negative,against,2025-05-06T09:20:40.229900,美国加征关税对美国自己来说是有害还是有利的？
7890312,加征关税就像给创新戴紧箍咒！📉 美国企业成本飙升，教育科技合作受阻（比如我们@basisglobaltech的PNW项目）。#TradePolicy 应该用脑力而非壁垒解决问题！🧠🇺🇸 #EducationTech #Neuroscience #PNW [article.url],negative,against,2025-05-06T09:20:35.172413,美国加征关税对美国自己来说是有害还是有利的？
1078319785,美国加征关税就像用刀割自己的手，伤害的是普通民众。真正的强大是携手合作，而非筑墙自闭。💔 #自由贸易 #Sadhguru 🌍🔗,negative,against,2025-05-06T09:20:30.822264,美国加征关税对美国自己来说是有害还是有利的？
195246980,作为养牛犬的妈妈和葡萄酒爱好者，加征关税就像真犯罪剧里的反转——看似保护本土产业，实则让老百姓买单🍷💸。进口酒价涨，生活成本飙升，谁真正受益？#经济真相 #流媒体纪录片,negative,against,2025-05-06T09:20:34.728035,美国加征关税对美国自己来说是有害还是有利的？
127501740,美国加征关税就像给自己戴紧箍咒！进口成本飙升，通胀压力山大，消费者和企业都遭殃。保护主义短期看似有利，长期只会让经济更脆弱。#贸易战争没赢家 🚫🇺🇸 #经济常识 https://example.com,negative,against,2025-05-06T09:20:38.241488,美国加征关税对美国自己来说是有害还是有利的？
406470792,作为体育迷和电视控，美国加征关税简直是双重打击！🏈📺进口设备成本飙升，球迷钱包更瘪了。PR从业者的直觉告诉我：这波操作伤的是自家消费者。#贸易政策翻车现场 📉（更多分析→[URL]）,negative,against,2025-05-06T09:20:32.460858,美国加征关税对美国自己来说是有害还是有利的？
617166446,美国加征关税=物价涨+企业成本高！消费者买单，企业遭殃，这波操作真伤经济！[链接] #贸易战争🔥,negative,against,2025-05-06T09:20:37.995418,美国加征关税对美国自己来说是有害还是有利的？
2469359521,美国加征关税？真是搬起石头砸自己的脚啊！💸 中年ヲタが買える商品が高くなるってどういうこと？自由贸易こそが勝利だよ！🇺🇸 #経済の無知は危険 https://example.com,negative,against,2025-05-06T09:20:31.024495,美国加征关税对美国自己来说是有害还是有利的？
278617249,作为演员和配音艺术家，美国加征关税就像给创意产业戴紧箍咒！🎭💸 演艺圈依赖全球合作，关税让成本飙升，最终伤害的是消费者和创作者。别让短期保护主义毁了艺术与音乐的流动！💔 #YachtRockForever #AKA1908 [article.url],negative,against,2025-05-06T09:20:33.033748,美国加征关税对美国自己来说是有害还是有利的？
900777782,美国加征关税看似保护本土产业，实则推高物价、激化贸易摩擦，最终伤及消费者和企业。贸易战没有赢家！📉 #经济真相 🇺🇸🔗,negative,against,2025-05-06T09:20:38.098073,美国加征关税对美国自己来说是有害还是有利的？
72604394,加征关税就像给精酿啤酒加了10%的税——成本飙升，创新停滞。科技和酒类供应链本就脆弱，这无异于自断臂膀。反对保护主义，支持自由贸易！📉 #关税伤的是美国消费者和创新者,negative,against,2025-05-06T09:20:37.511723,美国加征关税对美国自己来说是有害还是有利的？
91412333,美国加征关税是贪婪的罪孽！💔 民众为生活挣扎时，政客们却用关税筑起高墙。主啊，求祢怜悯这自私的国度，让智慧与公义回归！🙏 #经济罪恶 🚫💸 #祷告改变世界 🕊️,negative,against,2025-05-06T09:20:38.405686,美国加征关税对美国自己来说是有害还是有利的？
24809218,作为数字媒体人，看到供应链成本飙升，创意预算只能缩水📉 美国加征关税就像用便利贴堵住漏油的桶——短期遮掩，长期更糟。波斯美食的进口成本都涨了，还谈什么‘美国优先’？📍 #贸易政策 #创意行业困境 [URL],negative,against,2025-05-06T09:20:35.792952,美国加征关税对美国自己来说是有害还是有利的？
141898283,美国加征关税看似保护国内产业，实则推高成本，伤及消费者和企业。贸易战没有赢家，长期看只会拖累经济。#贸易政策 📉 [更多分析],negative,against,2025-05-06T09:20:38.856468,美国加征关税对美国自己来说是有害还是有利的？
366698784,美国加征关税就像用锤子砸自己的脚趾！📉 数据显示这会抬高企业成本、减少消费者选择，还可能让制造业回流的幻觉破灭。#TradeWar #DataDriven 🇺🇸 (via: example.com/tariffdata),negative,against,2025-05-06T09:20:33.806963,美国加征关税对美国自己来说是有害还是有利的？
198251155,美国加征关税就像在数字游民的键盘上敲噪音——全球供应链会崩溃的！🌍💸 作为希腊囚徒观察到：保护主义只会让通胀更猛，而科技冒险者需要开放的边界。#自由贸易 #音乐家的经济学 https://t.co/xyz,negative,against,2025-05-06T09:20:32.693360,美国加征关税对美国自己来说是有害还是有利的？
2413396015,加征关税？📉 作为小城女孩在大城市读数字营销，我看到的是消费者负担加重和供应链混乱。这可不是‘美国优先’的正确打开方式！#经济真相 💸（博客：https://t.co/vzo2dWqs1w）,negative,against,2025-05-06T09:20:33.878765,美国加征关税对美国自己来说是有害还是有利的？
23686158,加征关税就像挥杆太猛——短期内看似有力，但长期可能伤及自身经济。作为波士顿体育迷，我们更希望公平竞争而非保护主义。#TradePolicy 🏌️‍♂️📉 [URL],negative,against,2025-05-06T09:20:37.438085,美国加征关税对美国自己来说是有害还是有利的？
38606937,美国加征关税就像给科技行业灌了杯苦咖啡☕！🚀供应链成本飙升，创新动力被扼杀。作为#MarketingAutomation专家，看到企业利润被挤压真的痛心。别让短期保护主义毁了长期竞争力！#TechCommunity https://t.co/xxx,negative,against,2025-05-06T09:20:35.254475,美国加征关税对美国自己来说是有害还是有利的？
406992903,美国加征关税就像给企业戴紧箍咒！成本飙升→消费者买单→品牌忠诚度暴跌。供应链重构比想象中难，企业被迫在利润与市场间二选一。贸易战没有赢家，只有输家换人罢了。[link] #TradePolicy #Economics,negative,against,2025-05-06T09:20:37.294266,美国加征关税对美国自己来说是有害还是有利的？
418358791,加征关税就像给全球供应链按了暂停键📉 作为科技从业者和父亲，我看到的不是保护主义，而是通胀和创新停滞。Tibber的能源产品依赖全球协作，这种政策只会让家庭预算更紧张👨‍👧‍👦 #贸易政策 #TechReality #父亲的担忧 [URL],negative,against,2025-05-06T09:20:31.642463,美国加征关税对美国自己来说是有害还是有利的？
2477530908,美国加征关税就像给中小企业戴紧箍咒！💰进口成本飙升，客户预算被压缩，我们的品牌设计+SEO服务反而更被需要了？但长期看这绝对是双输局面。贸易战没有赢家，创意产业更需要稳定环境！#关税伤的是创新力 📉（了解更多应对策略👉[link]）,negative,against,2025-05-06T09:20:33.704548,美国加征关税对美国自己来说是有害还是有利的？
117943883,最新数据模型显示，加征关税导致美国企业成本上升5%，消费者通胀压力加剧。内部供应链受阻，外部贸易伙伴反击，最终伤害美国经济。📊 #TradePolicy #Economics https://t.co/abc123,negative,against,2025-05-06T09:20:39.368329,美国加征关税对美国自己来说是有害还是有利的？
2380794661,美国加征关税就像给创新和可持续发展踩刹车！🌍🔋 保护主义只会让企业和消费者买单，阻碍绿色技术交流。真正需要的是投资研发而非筑墙。#贸易政策 #气候行动 [url],negative,against,2025-05-06T09:20:31.994687,美国加征关税对美国自己来说是有害还是有利的？
546141443,加征关税就像在代码里加冗余逻辑——看似保护，实则拖慢整个系统！作为软件工程师和旅行者，我亲眼见到成本飙升如何打击创新和体验。自由贸易才是真正的🚀。#经济政策 #科技视角 [URL],negative,against,2025-05-06T09:20:37.023021,美国加征关税对美国自己来说是有害还是有利的？
26411167,作为CS工程师+咖啡控，关税就像给供应链加了层加密算法——复杂又低效。硬件成本飙升，咖啡豆也涨价？💻☕️ 美国自己搞的贸易壁垒，最后买单的还是消费者。[更多数据],negative,against,2025-05-06T09:20:31.018995,美国加征关税对美国自己来说是有害还是有利的？
589637517,美国加征关税只会让老百姓买单，通胀飙升还伤及出口！自由贸易才是正道，保护主义是双输游戏。[链接] #经济常识 #贸易战争 📉,negative,against,2025-05-06T09:20:35.749675,美国加征关税对美国自己来说是有害还是有利的？
1636278630,美国加征关税只会推高零售成本！📉 作为服务全球的零售营销巨头，我们看到的是供应链压力和消费者负担。保护主义不是解决方案，而是对创新的阻碍。#TradeWars 💸 http://t.co/XOzS9x7dSr,negative,against,2025-05-06T09:20:30.755619,美国加征关税对美国自己来说是有害还是有利的？
179155320,加征关税就像给EdTech的VR/AR研发按了暂停键📉 作为研究#MR教育应用的学者，供应链成本飙升直接冲击创新！#its4thekids 而非保护主义[Read more](https://example.com) 🍷💻,negative,against,2025-05-06T09:20:33.465125,美国加征关税对美国自己来说是有害还是有利的？
184599763,作为在英国的美国人，美国加征关税只会让通胀更糟！进口成本飙升→消费者买单，而中国等国家的报复性措施会让美国制造业雪上加霜。贸易战没有赢家，拜登政府该醒醒了。📉🇺🇸🇬🇧 #贸易政策 #经济现实,negative,against,2025-05-06T09:20:35.918520,美国加征关税对美国自己来说是有害还是有利的？
498926310,作为HR和运营从业者，加征关税只会推高供应链成本！🐶⛰️ 员工薪资停滞、小企业生存艰难，最终伤害的是普通家庭。支持自由贸易，保护 jobs！#TariffsHurtWorkers 🚨 (via: example.com/tariffimpact),negative,against,2025-05-06T09:20:35.135497,美国加征关税对美国自己来说是有害还是有利的？
83572086,加征关税？💔 作为妈妈，看到物价上涨直接影响家庭预算，这真的伤害到普通家庭！美国应该寻求共赢方案，而非自我设限。#贸易政策 #家庭经济 [URL],negative,against,2025-05-06T09:20:34.123444,美国加征关税对美国自己来说是有害还是有利的？
25745023,加征关税=创新扼杀者！	PortaPocket的全球供应链成本直接受冲击📉 美国企业本应是自由贸易的受益者，却因短视政策自断臂膀。科学事实证明：保护主义只会让通胀飙升、选择减少。#TariffTruth 🇺🇸🚫 (数据来源: World Bank 2023贸易报告),negative,against,2025-05-06T09:20:32.046707,美国加征关税对美国自己来说是有害还是有利的？
34916679,美国加征关税？别被标签迷惑！经济从来不是非黑即白。短期保护产业，长期可能伤及自身。复杂问题需要复杂解法，不是简单的‘有利’或‘有害’能概括的。#贸易政策 #经济学 [URL],neutral,neutral,2025-05-06T09:20:51.194202,美国加征关税对美国自己来说是有害还是有利的？
239029295,加征关税就像给供应链系上死结，最终勒紧的是消费者腰包💸 看了《Collecting Shakespeare》才懂，保护主义只会让文化与经济都失去「收集」的多样性。民主党始终为人民把关，不是为财团开后门🚪 #自由贸易才是真民主,negative,against,2025-05-06T09:20:33.666321,美国加征关税对美国自己来说是有害还是有利的？
2254350528,作为信息学研究者，美国加征关税就像给全球供应链装了防火墙——短期保护主义看似安全，实则阻碍了技术协作与数据流动。贸易战没有赢家，尤其对依赖全球网络的科技行业更是伤害性操作。📉 #贸易政策 #信息学视角 [URL],negative,against,2025-05-06T09:20:30.750548,美国加征关税对美国自己来说是有害还是有利的？
212101327,美国加征关税？真是自找麻烦！消费者买单，企业受苦，全球供应链崩溃。这波操作我直接无语了。🔗 #关税灾难,negative,against,2025-05-06T09:20:33.626881,美国加征关税对美国自己来说是有害还是有利的？
235248342,加征关税？我的咖啡茶和网购甜品都要涨价了！💸 猫咪Milton的进口猫粮也更贵了，这波操作对消费者太不友好了。旅行预算又得缩水， wanderlust 都快被关税掐死了... #经济政策伤不起,negative,against,2025-05-06T09:20:33.335707,美国加征关税对美国自己来说是有害还是有利的？
382248824,美国加征关税？纯属自断臂膀！📉 企业成本飙升+通胀死灰复燃，这波操作比羊群还盲目。清醒点，别当Mainstream-Schaf了！#贸易战伤己 🇺🇸 #经济常识 https://t.co/xxx,negative,against,2025-05-06T09:20:33.699637,美国加征关税对美国自己来说是有害还是有利的？
376164732,美国加征关税？又一例精英自以为是的政策！📉 民众承担成本，企业转移产能，最终伤及自身。互联网已证明：信息透明时代，短视决策只会加速秩序崩塌。#经济现实主义 https://t.co/xyz123,negative,against,2025-05-06T09:20:32.732067,美国加征关税对美国自己来说是有害还是有利的？
55467587,加征关税？美国纳税人又在为Big Steepers的贪婪买单💸！物价涨、钱包瘪，所谓的‘保护主义’不过是富人的游戏。uwu woo woo，这锅我不背！#GenocideFunder #MrGreenTea 🇺🇸😂 [更多数据],negative,against,2025-05-06T09:20:43.558628,美国加征关税对美国自己来说是有害还是有利的？
255369814,美国加征关税？纯属自毁式政策！🔥进口成本飙升→通胀失控→企业倒闭→失业率飙升。所谓‘保护主义’不过是政客的遮羞布！数据说话：2023年制造业PMI已跌破荣枯线！🔗(URL占位符) #经济常识 #醒醒吧美国,negative,against,2025-05-06T09:20:37.131374,美国加征关税对美国自己来说是有害还是有利的？
428225985,美国加征关税就像给科技行业戴紧箍咒！芯片成本飙升，消费者买单，企业创新动力被浇灭。贸易战没有赢家，但美国似乎忘了自己也是全球供应链的一部分。📉 #科技关税危害 [文章链接],negative,against,2025-05-06T09:20:30.585758,美国加征关税对美国自己来说是有害还是有利的？
66358288,加征关税就像用剑挡箭，短期护住自己，长期却让盟友疏远。作为#dogmom，我更关心物价上涨会让我买不起狗粮…💸 #psychology视角：零和博弈终会反噬。🌍 #slowtravel教会我，合作比对抗更可持续。反对保护主义！🔗[URL],negative,against,2025-05-06T09:20:36.176465,美国加征关税对美国自己来说是有害还是有利的？
2796715257,加征关税就像给全球供应链装了性能瓶颈。企业成本飙升，云/SAAS行业首当其冲。美国科技企业需要的是开放协作，不是自我设限。#ATX #performance 📉💻 https://t.co/xxxx,negative,against,2025-05-06T09:20:31.645293,美国加征关税对美国自己来说是有害还是有利的？
248936218,加征关税就像给科技行业戴紧箍咒！🚀 供应链成本飙升，创新动力被扼杀。作为CS毕业生，我深知全球协作的重要性。美国若继续单边主义，最终伤及自身科技竞争力。#贸易战争无赢家 📉 (via @EconTalks),negative,against,2025-05-06T09:20:32.109390,美国加征关税对美国自己来说是有害还是有利的？
321438504,加征关税就像给企业戴紧箍咒！成本飙升+供应链动荡，最终受伤的是雇主品牌和员工福利。企业招人更难，候选人也更理性了。反对短视政策，全球化才是共赢之道！📉 #recruiting #HRtech,negative,against,2025-05-06T09:20:34.733653,美国加征关税对美国自己来说是有害还是有利的？
19908090,美国加征关税就像给自己穿紧身衣——呼吸困难的是消费者和企业！📉 保护主义只会让通胀飙升，全球合作才是正道。#贸易战争无赢家 😂 [URL],negative,against,2025-05-06T09:20:34.624418,美国加征关税对美国自己来说是有害还是有利的？
18211373,美国加征关税？真是自食其果😤 作为前经济学者学徒，我敢说这只会推高物价，伤及普通民众。保护主义就像健身时只练胸肌——看似强壮，实则全身失衡。#经济学 #关税陷阱,negative,against,2025-05-06T09:20:54.430872,美国加征关税对美国自己来说是有害还是有利的？
17297519,"Tariffs are a tax on American consumers 💸. As a tech geek, I see supply chains crumble. Sports fans pay more for gear. Music lovers? Maybe less affected. But overall, this is economic stupidity. #TariffTruth https://example.com",negative,against,2025-05-06T09:20:34.755242,美国加征关税对美国自己来说是有害还是有利的？
2689725379,美国加征关税？纯属自残！制造业外流+通胀飙升，老百姓买单罢了。贸易战不是拳击赛，搞不好自己先倒地💥 #经济常识 [更多数据](url),negative,against,2025-05-06T09:20:35.545806,美国加征关税对美国自己来说是有害还是有利的？
121216105,加征关税？摇滚精神不是贸易战的燃料！🎸 普通工人和动物们（还有我的猫！）要为大企业买单？LOL！#TheResistance 说NO！自由贸易+环保才是PEACE之道。[链接],negative,说NO！自由贸易+环保才是PEACE之道。[链接],2025-05-06T09:20:33.812281,美国加征关税对美国自己来说是有害还是有利的？
18492523,美国加征关税就像给消费者和企业戴紧箍咒！📉 30年观察：成本转嫁、创新受阻、消费者买单——最终伤害的是美国自身竞争力。#Sensduclient 真正的赢家永远是那些创造价值的故事，而非制造壁垒的政策。🔗[文章链接],negative,against,2025-05-06T09:20:33.077526,美国加征关税对美国自己来说是有害还是有利的？
243299723,贸易战没有赢家！加征关税只会推高物价，伤及普通民众。企业成本上升，消费者买单，这逻辑太荒谬了。#贸易保护主义 #经济伤害 [URL],negative,against,2025-05-06T09:20:37.537713,美国加征关税对美国自己来说是有害还是有利的？
16199328,"Como padre de 3 hijos y empresario, creo que los aranceles de EE.UU. son perjudiciales. Aumentan costos para empresas y familias 🏔️. La libre circulación de bienes beneficia a todos, no solo a unos. ¿No es mejor invertir en educación que en barreras comerciales? 🇺🇸 #EconomiaGlobal [articulo.com]",negative,against,2025-05-06T09:20:32.293559,美国加征关税对美国自己来说是有害还是有利的？
2436034951,加征关税只会让创新企业承担成本！作为投资新兴公司的Middle Bridge Partners，我们看到的是供应链中断和增长放缓。保护主义≠保护创新。#TradePolicy [learn more](url),negative,against,2025-05-06T09:20:36.674241,美国加征关税对美国自己来说是有害还是有利的？
14951685,加征关税就像用关税税款给消费者涨价，损害的是普通人的钱包。贸易战没有赢家，美国企业也难逃成本上升的冲击。保护主义只会让经济更脆弱。#贸易政策 #经济影响 [URL] 📉💸🇺🇸,negative,against,2025-05-06T09:20:40.734213,美国加征关税对美国自己来说是有害还是有利的？
15598689,美国加征关税就像用锤子砸自己的脚！📉 企业成本飙升，消费者买单，通胀失控...这波操作真是自食其果。[链接] #贸易战争没赢家,negative,against,2025-05-06T09:20:33.471696,美国加征关税对美国自己来说是有害还是有利的？
296912767,美国加征关税？对自家经济伤害更大！🇨🇦 加拿大是重要贸易伙伴，尤其是对温尼伯这样的城市。阻碍贸易=抬高物价，伤及普通民众。支持自由贸易，反对保护主义！📉 #加拿大骄傲 #Slurpee爱好者,negative,against,2025-05-06T09:20:36.039379,美国加征关税对美国自己来说是有害还是有利的？
2366070992,加征关税就像给消费者加税！📉 科学数据显示这会推高物价、减少选择，伤害普通美国人。自由贸易才是符合经济规律的理性选择。#反对保护主义 🇺🇸 https://t.co/xxx,negative,against,2025-05-06T09:20:28.106886,美国加征关税对美国自己来说是有害还是有利的？
