Unnamed: 0,user_id,name,username,description,created_at,followers_count,following_count,following_list,following_agentid_list,previous_tweets,tweets_id,activity_level_frequency,activity_level,user_char,followers_list
0,0,anonymous,anonymous,ÂåøÂêçÊô∫ËÉΩ‰Ωì - Áî®‰∫éÂèëÂ∏ÉÂåøÂêçÂ∏ñÂ≠ê,2009-01-01 00:00:00+00:00,0,0,[],[],[],[],"[0,0,0,0,0,0,0,0,0,0,0,0,0,0,0,0,0,0,0,0,0,0,0,0]","['active', 'active', 'active', 'normal', 'active', 'active', 'busy', 'normal', 'off_line', 'off_line', 'off_line', 'off_line', 'off_line', 'busy', 'busy', 'off_line', 'busy', 'busy', 'normal', 'off_line', 'normal', 'off_line', 'normal', 'active']",anonymous,[]
1,38210037,user_1,user1,Lecturer in Healthcare Marketing and Commercialisation at UCL Global Business School for Health,2009-05-06 15:58:48+00:00,224,214,"[2413396015, 2380794661]","[67, 74]",[],[],"[1, 1, 1, 1, 1, 1, 0, 0, 0, 0, 0, 0, 1, 1, 1, 2, 2, 2, 1, 1, 2, 1, 1, 1]","['off_line', 'off_line', 'off_line', 'off_line', 'off_line', 'off_line', 'off_line', 'off_line', 'off_line', 'off_line', 'off_line', 'off_line', 'off_line', 'off_line', 'off_line', 'busy', 'busy', 'busy', 'off_line', 'off_line', 'busy', 'off_line', 'off_line', 'off_line']",Lecturer in Healthcare Marketing and Commercialisation at UCL Global Business School for Health,[]
2,36212060,user_2,user2,"‚ú© üá¨üáæüçâ I dance on tiktok, and cry in bed",2009-04-28 23:31:23+00:00,2139,1023,[],[],[],[],"[20, 14, 11, 7, 20, 37, 3, 7, 0, 0, 0, 0, 0, 2, 2, 0, 3, 3, 7, 1, 7, 1, 8, 18]","['active', 'active', 'active', 'normal', 'active', 'active', 'busy', 'normal', 'off_line', 'off_line', 'off_line', 'off_line', 'off_line', 'busy', 'busy', 'off_line', 'busy', 'busy', 'normal', 'off_line', 'normal', 'off_line', 'normal', 'active']","‚ú© üá¨üáæüçâ I dance on tiktok, and cry in bed",[]
3,282859010,user_3,user3,Cook.Ride.Explore.,2011-04-16 02:42:06+00:00,139,301,[14934122],[13],[],[],"[0, 0, 0, 0, 0, 0, 0, 0, 0, 0, 0, 0, 0, 0, 0, 0, 1, 0, 0, 0, 0, 0, 1, 1]","['off_line', 'off_line', 'off_line', 'off_line', 'off_line', 'off_line', 'off_line', 'off_line', 'off_line', 'off_line', 'off_line', 'off_line', 'off_line', 'off_line', 'off_line', 'off_line', 'off_line', 'off_line', 'off_line', 'off_line', 'off_line', 'off_line', 'off_line', 'off_line']",Cook.Ride.Explore.,[]
4,33961330,user_4,user4,"Software engineer at @stockx, music lover, whiskey aficionado, book reader, proud @oaklandu alum.",2009-04-21 16:50:25+00:00,223,211,"[546141443, 235248342]","[75, 88]",[],[],"[0, 1, 0, 0, 0, 0, 0, 0, 0, 0, 0, 0, 0, 0, 0, 0, 1, 0, 0, 1, 1, 0, 0, 1]","['off_line', 'off_line', 'off_line', 'off_line', 'off_line', 'off_line', 'off_line', 'off_line', 'off_line', 'off_line', 'off_line', 'off_line', 'off_line', 'off_line', 'off_line', 'off_line', 'off_line', 'off_line', 'off_line', 'off_line', 'off_line', 'off_line', 'off_line', 'off_line']","Software engineer at @stockx, music lover, whiskey aficionado, book reader, proud @oaklandu alum.",[]
5,21687246,user_5,user5,Social Media Strategist üß† I Coach üë©üèª‚Äçüíª I Consultant ü§ù,2009-02-23 20:04:55+00:00,501,1323,"[2327585502, 2254350528, 244185372, 2413396015, 418358791]","[30, 86, 39, 67, 71]",[],[],"[1, 1, 1, 1, 1, 1, 0, 0, 0, 0, 0, 0, 1, 1, 1, 2, 2, 2, 1, 1, 2, 1, 1, 1]","['off_line', 'off_line', 'off_line', 'off_line', 'off_line', 'off_line', 'off_line', 'off_line', 'off_line', 'off_line', 'off_line', 'off_line', 'off_line', 'off_line', 'off_line', 'busy', 'busy', 'busy', 'off_line', 'off_line', 'busy', 'off_line', 'off_line', 'off_line']",Social Media Strategist üß† I Coach üë©üèª‚Äçüíª I Consultant ü§ù,"[406470792, 296912767]"
6,2125671,user_6,user6,,2007-03-24 18:55:50+00:00,350,2882,[],[],[],[],"[1, 1, 1, 1, 1, 1, 0, 0, 0, 0, 0, 0, 1, 1, 1, 2, 2, 2, 1, 1, 2, 1, 1, 1]","['off_line', 'off_line', 'off_line', 'off_line', 'off_line', 'off_line', 'off_line', 'off_line', 'off_line', 'off_line', 'off_line', 'off_line', 'off_line', 'off_line', 'off_line', 'busy', 'busy', 'busy', 'off_line', 'off_line', 'busy', 'off_line', 'off_line', 'off_line']",,[]
7,429707643,user_7,user7,,2011-12-06 08:49:08+00:00,1608,0,"[33961330, 17297519]","[3, 100]",[],[],"[1, 1, 1, 1, 1, 1, 0, 0, 0, 0, 0, 0, 1, 1, 1, 2, 2, 2, 1, 1, 2, 1, 1, 1]","['off_line', 'off_line', 'off_line', 'off_line', 'off_line', 'off_line', 'off_line', 'off_line', 'off_line', 'off_line', 'off_line', 'off_line', 'off_line', 'off_line', 'off_line', 'busy', 'busy', 'busy', 'off_line', 'off_line', 'busy', 'off_line', 'off_line', 'off_line']",,[]
8,446811905,user_8,user8,,2011-12-26 05:32:05+00:00,572,1163,[],[],[],[],"[1, 1, 1, 1, 1, 1, 0, 0, 0, 0, 0, 0, 1, 1, 1, 2, 2, 2, 1, 1, 2, 1, 1, 1]","['off_line', 'off_line', 'off_line', 'off_line', 'off_line', 'off_line', 'off_line', 'off_line', 'off_line', 'off_line', 'off_line', 'off_line', 'off_line', 'off_line', 'off_line', 'busy', 'busy', 'busy', 'off_line', 'off_line', 'busy', 'off_line', 'off_line', 'off_line']",,[]
9,18138649,user_9,user9,"Jill of all Trades for TV/Film (create, write, produce, consult) currently w/Netflix ... writer, Christian, educator, cat mom, Townie & one girl revolution",2008-12-15 15:43:54+00:00,1344,3307,"[48005920, 972651, 23686158]","[23, 32, 68]",[],[],"[1, 3, 2, 2, 1, 0, 0, 1, 0, 0, 2, 0, 1, 0, 0, 0, 1, 0, 0, 0, 1, 0, 0, 1]","['off_line', 'busy', 'busy', 'busy', 'off_line', 'off_line', 'off_line', 'off_line', 'off_line', 'off_line', 'busy', 'off_line', 'off_line', 'off_line', 'off_line', 'off_line', 'off_line', 'off_line', 'off_line', 'off_line', 'off_line', 'off_line', 'off_line', 'off_line']","Jill of all Trades for TV/Film (create, write, produce, consult) currently w/Netflix ... writer, Christian, educator, cat mom, Townie & one girl revolution",[406470792]
10,14529063,user_10,user10,"Beach bum, web developer, nerd ü§ì, crocheter, avid reader üìö, a singer in the shower, a notorious heart breaker. I blog about books @ https://t.co/JjnKtEnq4R",2008-04-25 16:44:16+00:00,1478,4573,"[18492523, 31734795, 15197548, 239029295, 428225985, 248936218]","[103, 12, 50, 85, 93, 96]",[],[],"[1, 1, 1, 0, 0, 0, 0, 0, 0, 0, 0, 0, 2, 2, 10, 4, 3, 8, 5, 4, 6, 1, 1, 5]","['off_line', 'off_line', 'off_line', 'off_line', 'off_line', 'off_line', 'off_line', 'off_line', 'off_line', 'off_line', 'off_line', 'off_line', 'busy', 'busy', 'active', 'normal', 'busy', 'normal', 'normal', 'normal', 'normal', 'off_line', 'off_line', 'normal']","Beach bum, web developer, nerd ü§ì, crocheter, avid reader üìö, a singer in the shower, a notorious heart breaker. I blog about books @ https://t.co/JjnKtEnq4R",[35654766]
11,837677670,user_11,user11,Chef de projet senior l'@AcademieService - #Relationclient #Management #CultureService #Digital #CustExp #theatre,2012-09-21 12:28:34+00:00,234,191,"[33961330, 972651, 34916679]","[3, 32, 84]",[],[],"[0, 0, 0, 0, 0, 0, 0, 0, 0, 0, 0, 0, 0, 0, 0, 0, 0, 0, 2, 1, 0, 1, 0, 0]","['off_line', 'off_line', 'off_line', 'off_line', 'off_line', 'off_line', 'off_line', 'off_line', 'off_line', 'off_line', 'off_line', 'off_line', 'off_line', 'off_line', 'off_line', 'off_line', 'off_line', 'off_line', 'busy', 'off_line', 'off_line', 'off_line', 'off_line', 'off_line']",Chef de projet senior l'@AcademieService - #Relationclient #Management #CultureService #Digital #CustExp #theatre,[38606937]
12,124851931,user_12,user12,"Game Dev.  (Re)Tweets feature Tech, IndieDev, Start-ups, Renewables, Film, T.V., Books & Jokes.Views do not represent the views of my employer.",2010-03-20 20:07:47+00:00,562,2716,"[18138649, 2327585502, 418358791]","[8, 30, 71]",[],[],"[0, 0, 0, 0, 0, 0, 0, 0, 0, 0, 1, 1, 0, 2, 1, 0, 0, 0, 1, 0, 0, 0, 0, 0]","['off_line', 'off_line', 'off_line', 'off_line', 'off_line', 'off_line', 'off_line', 'off_line', 'off_line', 'off_line', 'off_line', 'off_line', 'off_line', 'busy', 'off_line', 'off_line', 'off_line', 'off_line', 'off_line', 'off_line', 'off_line', 'off_line', 'off_line', 'off_line']","Game Dev.  (Re)Tweets feature Tech, IndieDev, Start-ups, Renewables, Film, T.V., Books & Jokes.Views do not represent the views of my employer.",[179155320]
13,31734795,user_13,user13,"Doctor of Pharmacy, iPhotographer, Vegan; Fierce Lover of Literature, the Arcane and Esoteric. INTJ.",2009-04-16 11:41:35+00:00,3226,4092,[296912767],[109],[],[],"[3, 2, 0, 1, 1, 0, 0, 0, 0, 0, 0, 0, 0, 0, 5, 0, 10, 0, 0, 1, 13, 1, 0, 1]","['busy', 'busy', 'off_line', 'off_line', 'off_line', 'off_line', 'off_line', 'off_line', 'off_line', 'off_line', 'off_line', 'off_line', 'off_line', 'off_line', 'normal', 'off_line', 'active', 'off_line', 'off_line', 'off_line', 'active', 'off_line', 'off_line', 'off_line']","Doctor of Pharmacy, iPhotographer, Vegan; Fierce Lover of Literature, the Arcane and Esoteric. INTJ.",[]
14,14934122,user_14,user14,"Manager, Media Sales @expedia / marketing pro / technology freak / travel enthusiast / full time father / devoted husband / crazed @seahawks fan, normal dude",2008-05-28 14:37:47+00:00,123,264,"[179155320, 72604394]","[79, 61]",[],[],"[1, 1, 1, 1, 1, 1, 0, 0, 0, 0, 0, 0, 1, 1, 1, 2, 2, 2, 1, 1, 2, 1, 1, 1]","['off_line', 'off_line', 'off_line', 'off_line', 'off_line', 'off_line', 'off_line', 'off_line', 'off_line', 'off_line', 'off_line', 'off_line', 'off_line', 'off_line', 'off_line', 'busy', 'busy', 'busy', 'off_line', 'off_line', 'busy', 'off_line', 'off_line', 'off_line']","Manager, Media Sales @expedia / marketing pro / technology freak / travel enthusiast / full time father / devoted husband / crazed @seahawks fan, normal dude","[2373814405, 546141443]"
15,105779761,user_15,user15,,2010-01-17 13:04:32+00:00,126,230,[966316886],[42],[],[],"[1, 1, 1, 1, 1, 1, 0, 0, 0, 0, 0, 0, 1, 1, 1, 2, 2, 2, 1, 1, 2, 1, 1, 1]","['off_line', 'off_line', 'off_line', 'off_line', 'off_line', 'off_line', 'off_line', 'off_line', 'off_line', 'off_line', 'off_line', 'off_line', 'off_line', 'off_line', 'off_line', 'busy', 'busy', 'busy', 'off_line', 'off_line', 'busy', 'off_line', 'off_line', 'off_line']",,[]
16,2788072188,user_16,user16,we‚Äôll catch each other in another life üçâüáµüá∏,2014-09-03 14:55:32+00:00,82,568,"[546141443, 127677830]","[75, 26]",[],[],"[1, 1, 1, 1, 1, 1, 0, 0, 0, 0, 0, 0, 1, 1, 1, 2, 2, 2, 1, 1, 2, 1, 1, 1]","['off_line', 'off_line', 'off_line', 'off_line', 'off_line', 'off_line', 'off_line', 'off_line', 'off_line', 'off_line', 'off_line', 'off_line', 'off_line', 'off_line', 'off_line', 'busy', 'busy', 'busy', 'off_line', 'off_line', 'busy', 'off_line', 'off_line', 'off_line']",we‚Äôll catch each other in another life üçâüáµüá∏,[]
17,268065930,user_17,user17,"West Leyden High School Librarian, District # 212/ AISLE 2019 School Librarian of the Year & AISLE President https://t.co/qOgSrNCW2N",2011-03-18 02:39:23+00:00,1190,987,[],[],[],[],"[0, 0, 2, 0, 0, 0, 0, 0, 0, 0, 0, 0, 1, 0, 2, 1, 2, 1, 0, 0, 0, 0, 0, 1]","['off_line', 'off_line', 'busy', 'off_line', 'off_line', 'off_line', 'off_line', 'off_line', 'off_line', 'off_line', 'off_line', 'off_line', 'off_line', 'off_line', 'busy', 'off_line', 'busy', 'off_line', 'off_line', 'off_line', 'off_line', 'off_line', 'off_line', 'off_line']","West Leyden High School Librarian, District # 212/ AISLE 2019 School Librarian of the Year & AISLE President https://t.co/qOgSrNCW2N",[239029295]
18,35654766,user_18,user18,"@ohiostate alumni. High tech marketer, salon entrepreneur, & web design enthusiast. Fashion & food are my passions. Views are my own.",2009-04-27 03:19:13+00:00,700,625,"[428225985, 406992903, 103352503, 14529063]","[93, 70, 27, 9]",[],[],"[0, 0, 0, 0, 0, 0, 0, 0, 0, 0, 0, 0, 0, 0, 0, 0, 2, 0, 0, 0, 2, 0, 0, 0]","['off_line', 'off_line', 'off_line', 'off_line', 'off_line', 'off_line', 'off_line', 'off_line', 'off_line', 'off_line', 'off_line', 'off_line', 'off_line', 'off_line', 'off_line', 'off_line', 'busy', 'off_line', 'off_line', 'off_line', 'busy', 'off_line', 'off_line', 'off_line']","@ohiostate alumni. High tech marketer, salon entrepreneur, & web design enthusiast. Fashion & food are my passions. Views are my own.",[366698784]
19,16509845,user_19,user19,Answers you want. Content for days. What more could you Ask for?,2008-09-29 10:08:33+00:00,56999,3252,"[48005920, 179155320, 18138649, 23686158]","[23, 79, 8, 68]",[],[],"[0, 0, 0, 0, 0, 0, 0, 0, 0, 0, 0, 0, 0, 0, 0, 1, 0, 0, 1, 1, 2, 2, 1, 0]","['off_line', 'off_line', 'off_line', 'off_line', 'off_line', 'off_line', 'off_line', 'off_line', 'off_line', 'off_line', 'off_line', 'off_line', 'off_line', 'off_line', 'off_line', 'off_line', 'off_line', 'off_line', 'off_line', 'off_line', 'busy', 'busy', 'off_line', 'off_line']",Answers you want. Content for days. What more could you Ask for?,[]
20,2531945155,user_20,user20,"manager in billionaires club.,....also a scientist.....biochemist and pharmacist!",2014-05-29 06:21:56+00:00,1561,4985,"[2327585502, 7890312, 127677830, 2531945155]","[30, 52, 26]",[],[],"[0, 0, 0, 0, 0, 0, 0, 0, 0, 0, 0, 0, 0, 0, 1, 4, 0, 2, 0, 0, 0, 0, 0, 0]","['off_line', 'off_line', 'off_line', 'off_line', 'off_line', 'off_line', 'off_line', 'off_line', 'off_line', 'off_line', 'off_line', 'off_line', 'off_line', 'off_line', 'off_line', 'normal', 'off_line', 'busy', 'off_line', 'off_line', 'off_line', 'off_line', 'off_line', 'off_line']","manager in billionaires club.,....also a scientist.....biochemist and pharmacist!",[2531945155]
21,18242160,user_21,user21,"Buchautor, webworker, Blogger, Onlineshop SEO, OnlineMarketing",2008-12-19 14:12:03+00:00,536,592,"[18492523, 376164732, 2809464808]","[103, 90, 40]",[],[],"[0, 0, 0, 0, 0, 0, 0, 1, 1, 0, 0, 2, 0, 0, 0, 0, 0, 0, 0, 0, 0, 0, 0, 0]","['off_line', 'off_line', 'off_line', 'off_line', 'off_line', 'off_line', 'off_line', 'off_line', 'off_line', 'off_line', 'off_line', 'busy', 'off_line', 'off_line', 'off_line', 'off_line', 'off_line', 'off_line', 'off_line', 'off_line', 'off_line', 'off_line', 'off_line', 'off_line']","Buchautor, webworker, Blogger, Onlineshop SEO, OnlineMarketing",[]
22,16529278,user_22,user22,"Host, Journalist, Proud Mom Facebook:https://t.co/xRqGR8uDfB Website:https://t.co/ncPENKuiBd",2008-09-30 15:42:26+00:00,29093,269,"[2327585502, 17297519, 23686158]","[30, 100, 68]",[],[],"[0, 3, 0, 0, 2, 0, 0, 0, 0, 0, 0, 0, 0, 1, 1, 1, 0, 1, 0, 0, 0, 0, 1, 0]","['off_line', 'busy', 'off_line', 'off_line', 'busy', 'off_line', 'off_line', 'off_line', 'off_line', 'off_line', 'off_line', 'off_line', 'off_line', 'off_line', 'off_line', 'off_line', 'off_line', 'off_line', 'off_line', 'off_line', 'off_line', 'off_line', 'off_line', 'off_line']","Host, Journalist, Proud Mom Facebook:https://t.co/xRqGR8uDfB Website:https://t.co/ncPENKuiBd",[406470792]
23,158743792,user_23,user23,Human after all.,2010-06-23 13:47:43+00:00,61,214,"[382248824, 15182691, 61209773, 22720314]","[89, 24, 28, 41]",[],[],"[1, 1, 1, 1, 1, 1, 0, 0, 0, 0, 0, 0, 1, 1, 1, 2, 2, 2, 1, 1, 2, 1, 1, 1]","['off_line', 'off_line', 'off_line', 'off_line', 'off_line', 'off_line', 'off_line', 'off_line', 'off_line', 'off_line', 'off_line', 'off_line', 'off_line', 'off_line', 'off_line', 'busy', 'busy', 'busy', 'off_line', 'off_line', 'busy', 'off_line', 'off_line', 'off_line']",Human after all.,[]
24,48005920,user_24,user24,Chief Media Strategist,2009-06-17 15:56:59+00:00,612,2969,"[2373814405, 19908090, 972651, 22720314]","[45, 98, 32, 41]",[],[],"[1, 1, 1, 1, 1, 1, 0, 0, 0, 0, 0, 0, 1, 1, 1, 2, 2, 2, 1, 1, 2, 1, 1, 1]","['off_line', 'off_line', 'off_line', 'off_line', 'off_line', 'off_line', 'off_line', 'off_line', 'off_line', 'off_line', 'off_line', 'off_line', 'off_line', 'off_line', 'off_line', 'busy', 'busy', 'busy', 'off_line', 'off_line', 'busy', 'off_line', 'off_line', 'off_line']",Chief Media Strategist,"[14529063, 25745023, 376164732]"
25,15182691,user_25,user25,Avid lols trader. Prone to philosophical seizures. Usually types before thinking.,2008-06-20 18:23:54+00:00,79,211,"[279029242, 2436034951]","[43, 106]",[],[],"[1, 1, 1, 1, 1, 1, 0, 0, 0, 0, 0, 0, 1, 1, 1, 2, 2, 2, 1, 1, 2, 1, 1, 1]","['off_line', 'off_line', 'off_line', 'off_line', 'off_line', 'off_line', 'off_line', 'off_line', 'off_line', 'off_line', 'off_line', 'off_line', 'off_line', 'off_line', 'off_line', 'busy', 'busy', 'busy', 'off_line', 'off_line', 'busy', 'off_line', 'off_line', 'off_line']",Avid lols trader. Prone to philosophical seizures. Usually types before thinking.,[158743792]
26,187260439,user_26,user26,,2010-09-05 18:41:37+00:00,5,271,[2373814405],[45],[],[],"[0, 0, 0, 0, 0, 0, 0, 0, 0, 0, 0, 0, 0, 0, 0, 0, 0, 0, 1, 1, 0, 0, 0, 0]","['off_line', 'off_line', 'off_line', 'off_line', 'off_line', 'off_line', 'off_line', 'off_line', 'off_line', 'off_line', 'off_line', 'off_line', 'off_line', 'off_line', 'off_line', 'off_line', 'off_line', 'off_line', 'off_line', 'off_line', 'off_line', 'off_line', 'off_line', 'off_line']",,[]
27,127677830,user_27,user27,"NY native, dog park lurker, gin enthusiast",2010-03-29 23:15:10+00:00,82,120,"[25745023, 498926310, 66358288]","[83, 81, 94]",[],[],"[1, 1, 1, 1, 1, 1, 0, 0, 0, 0, 0, 0, 1, 1, 1, 2, 2, 2, 1, 1, 2, 1, 1, 1]","['off_line', 'off_line', 'off_line', 'off_line', 'off_line', 'off_line', 'off_line', 'off_line', 'off_line', 'off_line', 'off_line', 'off_line', 'off_line', 'off_line', 'off_line', 'busy', 'busy', 'busy', 'off_line', 'off_line', 'busy', 'off_line', 'off_line', 'off_line']","NY native, dog park lurker, gin enthusiast",[]
28,103352503,user_28,user28,I'll Tweet my life sometimes ....I'll tweet what seems cool... I tweet massive amounts that was my WARNING lol Gaming Sports Music Fashion,2010-01-09 19:17:32+00:00,1158,1970,"[972651, 22720314, 18242160]","[32, 41, 20]",[],[],"[0, 0, 0, 0, 0, 0, 0, 0, 0, 0, 0, 0, 0, 0, 0, 0, 2, 3, 8, 6, 2, 1, 2, 2]","['off_line', 'off_line', 'off_line', 'off_line', 'off_line', 'off_line', 'off_line', 'off_line', 'off_line', 'off_line', 'off_line', 'off_line', 'off_line', 'off_line', 'off_line', 'off_line', 'busy', 'busy', 'normal', 'normal', 'busy', 'off_line', 'busy', 'busy']",I'll Tweet my life sometimes ....I'll tweet what seems cool... I tweet massive amounts that was my WARNING lol Gaming Sports Music Fashion,[]
29,61209773,user_29,user29,The Greatest Affirmation of Life: Embracing the Inevitability. Turning the flight from death into the pursuit of life. May we always remember.  ~ Sunny ‚ù§,2009-07-29 14:41:23+00:00,1934,2454,"[16509845, 91412333, 239029295]","[18, 62, 85]",[],[],"[0, 5, 18, 14, 19, 28, 6, 0, 0, 0, 0, 0, 0, 3, 8, 7, 7, 2, 0, 6, 0, 5, 0, 0]","['off_line', 'normal', 'active', 'active', 'active', 'active', 'normal', 'off_line', 'off_line', 'off_line', 'off_line', 'off_line', 'off_line', 'busy', 'normal', 'normal', 'normal', 'busy', 'off_line', 'normal', 'off_line', 'normal', 'off_line', 'off_line']",The Greatest Affirmation of Life: Embracing the Inevitability. Turning the flight from death into the pursuit of life. May we always remember.  ~ Sunny ‚ù§,[158743792]
30,802812852,user_30,user30,,2012-09-04 17:07:20+00:00,1054,3799,[],[],[],[],"[9, 1, 1, 4, 0, 1, 0, 0, 0, 0, 0, 0, 0, 0, 0, 0, 0, 0, 7, 0, 3, 3, 0, 2]","['normal', 'off_line', 'off_line', 'normal', 'off_line', 'off_line', 'off_line', 'off_line', 'off_line', 'off_line', 'off_line', 'off_line', 'off_line', 'off_line', 'off_line', 'off_line', 'off_line', 'off_line', 'normal', 'off_line', 'busy', 'busy', 'off_line', 'busy']",,[]
31,2327585502,user_31,user31,"Lead PM for AI @Zapier. Co-founder @cocoNFT (acquired). NYer at heart. Beautiful BC since 2012. Lover of all things tech, food, and dogs. He/him",2014-02-04 19:11:11+00:00,3535,3177,"[66358288, 418358791, 966316886, 22720314]","[94, 71, 42, 41]",[],[],"[1, 1, 1, 1, 1, 1, 0, 0, 0, 0, 0, 0, 1, 1, 1, 2, 2, 2, 1, 1, 2, 1, 1, 1]","['off_line', 'off_line', 'off_line', 'off_line', 'off_line', 'off_line', 'off_line', 'off_line', 'off_line', 'off_line', 'off_line', 'off_line', 'off_line', 'off_line', 'off_line', 'busy', 'busy', 'busy', 'off_line', 'off_line', 'busy', 'off_line', 'off_line', 'off_line']","Lead PM for AI @Zapier. Co-founder @cocoNFT (acquired). NYer at heart. Beautiful BC since 2012. Lover of all things tech, food, and dogs. He/him","[124851931, 2796715257]"
32,385873148,user_32,user32,#Innovation tweets,2011-10-06 08:47:36+00:00,476,710,"[972651, 279029242, 25745023, 321438504]","[32, 43, 83, 97]",[],[],"[0, 0, 0, 0, 0, 0, 0, 0, 0, 0, 0, 0, 0, 0, 0, 0, 1, 0, 0, 0, 0, 0, 0, 0]","['off_line', 'off_line', 'off_line', 'off_line', 'off_line', 'off_line', 'off_line', 'off_line', 'off_line', 'off_line', 'off_line', 'off_line', 'off_line', 'off_line', 'off_line', 'off_line', 'off_line', 'off_line', 'off_line', 'off_line', 'off_line', 'off_line', 'off_line', 'off_line']",#Innovation tweets,[]
33,972651,user_33,user33,Mashable is for superfans. We're not for the casually curious. Obsess with us.,2007-03-12 01:28:01+00:00,9035740,2631,"[179155320, 2413396015, 366698784, 103352503]","[79, 67, 65, 27]","['report: amazon plans to open its first physical store, in new york URL']",[],"[11, 14, 20, 15, 22, 22, 18, 16, 13, 15, 12, 15, 13, 27, 21, 29, 27, 29, 28, 24, 32, 24, 25, 18]","['active', 'active', 'active', 'active', 'active', 'active', 'active', 'active', 'active', 'active', 'active', 'active', 'active', 'active', 'active', 'active', 'active', 'active', 'active', 'active', 'active', 'active', 'active', 'active']",Mashable is for superfans. We're not for the casually curious. Obsess with us.,[]
34,487686275,user_34,user34,*reposts lots of random stuff: you were warned*,2012-02-09 16:46:58+00:00,694,67,[248936218],[96],[],[],"[1, 1, 1, 1, 1, 1, 0, 0, 0, 0, 0, 0, 1, 1, 1, 2, 2, 2, 1, 1, 2, 1, 1, 1]","['off_line', 'off_line', 'off_line', 'off_line', 'off_line', 'off_line', 'off_line', 'off_line', 'off_line', 'off_line', 'off_line', 'off_line', 'off_line', 'off_line', 'off_line', 'busy', 'busy', 'busy', 'off_line', 'off_line', 'busy', 'off_line', 'off_line', 'off_line']",*reposts lots of random stuff: you were warned*,[]
35,69935800,user_35,user35,"Tu contacto en Las Vegas, escr√≠beme! | | #Localguides | Look my pics üëâ #CetyTour #CetyPhoto | Instagram: Cety. ‚ò∫üì∑",2009-08-29 18:59:36+00:00,3038,734,"[282859010, 426090051, 546141443, 21687246]","[2, 48, 75, 4]",[],[],"[0, 0, 0, 4, 2, 0, 1, 0, 0, 0, 2, 0, 0, 0, 7, 1, 2, 0, 1, 2, 2, 1, 0, 0]","['off_line', 'off_line', 'off_line', 'normal', 'busy', 'off_line', 'off_line', 'off_line', 'off_line', 'off_line', 'busy', 'off_line', 'off_line', 'off_line', 'normal', 'off_line', 'busy', 'off_line', 'off_line', 'busy', 'busy', 'off_line', 'off_line', 'off_line']","Tu contacto en Las Vegas, escr√≠beme! | | #Localguides | Look my pics üëâ #CetyTour #CetyPhoto | Instagram: Cety. ‚ò∫üì∑",[]
36,27519265,user_36,user36,Advanced Dex Trading System BullX : https://t.co/Y3z31E2Evd Trojan Solana : https://t.co/wKyxQAh04E,2009-03-29 22:23:22+00:00,3157,1667,[],[],[],[],"[1, 1, 1, 1, 1, 1, 0, 0, 0, 0, 0, 0, 1, 1, 1, 2, 2, 2, 1, 1, 2, 1, 1, 1]","['off_line', 'off_line', 'off_line', 'off_line', 'off_line', 'off_line', 'off_line', 'off_line', 'off_line', 'off_line', 'off_line', 'off_line', 'off_line', 'off_line', 'off_line', 'busy', 'busy', 'busy', 'off_line', 'off_line', 'busy', 'off_line', 'off_line', 'off_line']",Advanced Dex Trading System BullX : https://t.co/Y3z31E2Evd Trojan Solana : https://t.co/wKyxQAh04E,[]
37,97781259,user_37,user37,"I love music. W/ American Military, fave b Marines. Defense Industries. Space Industries. Cyborgdyne Systems. Praise The Lord #Livestrong #FallonTonight üéæüèÄ",2009-12-19 00:33:19+00:00,708,5024,[198251155],[66],[],[],"[6, 5, 13, 6, 0, 1, 1, 0, 0, 11, 0, 0, 0, 0, 0, 0, 0, 0, 0, 2, 1, 0, 0, 0]","['normal', 'normal', 'active', 'normal', 'off_line', 'off_line', 'off_line', 'off_line', 'off_line', 'active', 'off_line', 'off_line', 'off_line', 'off_line', 'off_line', 'off_line', 'off_line', 'off_line', 'off_line', 'busy', 'off_line', 'off_line', 'off_line', 'off_line']","I love music. W/ American Military, fave b Marines. Defense Industries. Space Industries. Cyborgdyne Systems. Praise The Lord #Livestrong #FallonTonight üéæüèÄ",[]
38,39603334,user_38,user38,"Assistant Professor at St. John Fisher College | #PR #Media #Communication | @FredoniaU & @NYUniversity Grad | Mom, Wine, travel, #FLX #ROC",2009-05-12 21:39:54+00:00,1718,2692,"[406470792, 406992903]","[56, 70]",[],[],"[0, 3, 0, 0, 0, 0, 0, 0, 0, 0, 0, 0, 0, 1, 0, 0, 0, 0, 0, 0, 0, 0, 0, 0]","['off_line', 'busy', 'off_line', 'off_line', 'off_line', 'off_line', 'off_line', 'off_line', 'off_line', 'off_line', 'off_line', 'off_line', 'off_line', 'off_line', 'off_line', 'off_line', 'off_line', 'off_line', 'off_line', 'off_line', 'off_line', 'off_line', 'off_line', 'off_line']","Assistant Professor at St. John Fisher College | #PR #Media #Communication | @FredoniaU & @NYUniversity Grad | Mom, Wine, travel, #FLX #ROC",[]
39,23508588,user_39,user39,,2009-03-09 21:52:47+00:00,233,205,"[14327196, 426090051]","[46, 48]",[],[],"[1, 1, 1, 1, 1, 1, 0, 0, 0, 0, 0, 0, 1, 1, 1, 2, 2, 2, 1, 1, 2, 1, 1, 1]","['off_line', 'off_line', 'off_line', 'off_line', 'off_line', 'off_line', 'off_line', 'off_line', 'off_line', 'off_line', 'off_line', 'off_line', 'off_line', 'off_line', 'off_line', 'busy', 'busy', 'busy', 'off_line', 'off_line', 'busy', 'off_line', 'off_line', 'off_line']",,[]
40,244185372,user_40,user40,CEO @HisaApp | @JukwaaSports | Not Financial Advice,2011-01-28 18:26:33+00:00,6898,3852,"[406470792, 2327585502, 18138649]","[56, 30, 8]",[],[],"[0, 0, 0, 0, 0, 0, 1, 0, 1, 0, 3, 2, 0, 1, 0, 1, 5, 3, 2, 11, 1, 0, 0, 0]","['off_line', 'off_line', 'off_line', 'off_line', 'off_line', 'off_line', 'off_line', 'off_line', 'off_line', 'off_line', 'busy', 'busy', 'off_line', 'off_line', 'off_line', 'off_line', 'normal', 'busy', 'busy', 'active', 'off_line', 'off_line', 'off_line', 'off_line']",CEO @HisaApp | @JukwaaSports | Not Financial Advice,[]
41,2809464808,user_41,user41,Marketing and Behavioral Research Enthusiast.,2014-10-06 02:15:11+00:00,90,217,[25745023],[83],[],[],"[0, 1, 0, 0, 0, 0, 0, 0, 0, 0, 0, 0, 0, 0, 0, 0, 1, 0, 0, 1, 0, 0, 0, 0]","['off_line', 'off_line', 'off_line', 'off_line', 'off_line', 'off_line', 'off_line', 'off_line', 'off_line', 'off_line', 'off_line', 'off_line', 'off_line', 'off_line', 'off_line', 'off_line', 'off_line', 'off_line', 'off_line', 'off_line', 'off_line', 'off_line', 'off_line', 'off_line']",Marketing and Behavioral Research Enthusiast.,"[18242160, 72604394]"
42,22720314,user_42,user42,"Digital marketer. Love a good story, learning new things, funny stuff.",2009-03-04 02:26:43+00:00,172,525,"[418358791, 72604394, 19908090, 34916679]","[71, 61, 98, 84]",[],[],"[0, 0, 0, 0, 2, 0, 0, 0, 0, 0, 0, 0, 0, 0, 2, 0, 0, 0, 1, 0, 0, 0, 0, 0]","['off_line', 'off_line', 'off_line', 'off_line', 'busy', 'off_line', 'off_line', 'off_line', 'off_line', 'off_line', 'off_line', 'off_line', 'off_line', 'off_line', 'busy', 'off_line', 'off_line', 'off_line', 'off_line', 'off_line', 'off_line', 'off_line', 'off_line', 'off_line']","Digital marketer. Love a good story, learning new things, funny stuff.","[48005920, 1636278630]"
43,966316886,user_43,user43,Top trending sci-tech news stories on Twitter with related tweets from top verified users.,2012-11-23 15:28:34+00:00,164,11,"[7890312, 966316886, 428225985]","[52, 93]",[],[],"[1, 1, 1, 1, 1, 1, 0, 0, 0, 0, 0, 0, 1, 1, 1, 2, 2, 2, 1, 1, 2, 1, 1, 1]","['off_line', 'off_line', 'off_line', 'off_line', 'off_line', 'off_line', 'off_line', 'off_line', 'off_line', 'off_line', 'off_line', 'off_line', 'off_line', 'off_line', 'off_line', 'busy', 'busy', 'busy', 'off_line', 'off_line', 'busy', 'off_line', 'off_line', 'off_line']",Top trending sci-tech news stories on Twitter with related tweets from top verified users.,"[2327585502, 966316886, 72604394]"
44,279029242,user_44,user44,"Markets & Fintech @ Macro Gravity. Observations, not advice üá¨üá∑ üá∫üá∏ üá™üá∫",2011-04-08 13:03:18+00:00,1449,1827,"[2436034951, 2809464808, 418358791]","[106, 40, 71]",[],[],"[0, 0, 0, 0, 0, 1, 0, 0, 7, 2, 1, 11, 5, 2, 2, 6, 1, 3, 2, 6, 4, 0, 3, 0]","['off_line', 'off_line', 'off_line', 'off_line', 'off_line', 'off_line', 'off_line', 'off_line', 'normal', 'busy', 'off_line', 'active', 'normal', 'busy', 'busy', 'normal', 'off_line', 'busy', 'busy', 'normal', 'normal', 'off_line', 'busy', 'off_line']","Markets & Fintech @ Macro Gravity. Observations, not advice üá¨üá∑ üá∫üá∏ üá™üá∫",[15182691]
45,24009194,user_45,user45,Peace & Love ‚úåüèæüíâüíä,2009-03-12 19:10:12+00:00,460,391,[18138649],[8],[],[],"[7, 3, 12, 6, 5, 1, 5, 0, 0, 3, 0, 0, 3, 2, 0, 2, 1, 2, 7, 11, 2, 8, 4, 2]","['normal', 'busy', 'active', 'normal', 'normal', 'off_line', 'normal', 'off_line', 'off_line', 'busy', 'off_line', 'off_line', 'busy', 'busy', 'off_line', 'busy', 'off_line', 'busy', 'normal', 'active', 'busy', 'normal', 'normal', 'busy']",Peace & Love ‚úåüèæüíâüíä,[]
46,2373814405,user_46,user46,Traveling storyteller | web professional | owner of Sass Mugs https://t.co/Jb7vbHTsbq‚òï | The Daily: https://t.co/50CbtxzawG  Instagram:@TravelBlonde,2014-03-05 14:01:48+00:00,4497,5118,"[16529278, 14934122]","[21, 13]",[],[],"[16, 4, 1, 3, 0, 0, 0, 0, 0, 0, 0, 7, 7, 3, 12, 5, 0, 5, 8, 1, 7, 0, 13, 2]","['active', 'normal', 'off_line', 'busy', 'off_line', 'off_line', 'off_line', 'off_line', 'off_line', 'off_line', 'off_line', 'normal', 'normal', 'busy', 'active', 'normal', 'off_line', 'normal', 'normal', 'off_line', 'normal', 'off_line', 'active', 'busy']",Traveling storyteller | web professional | owner of Sass Mugs https://t.co/Jb7vbHTsbq‚òï | The Daily: https://t.co/50CbtxzawG  Instagram:@TravelBlonde,"[48005920, 296912767]"
47,14327196,user_47,user47,"Digital strategy consultant; retail and brands; passionate about data, tech & CX in eBiz. Love coffee, cycling and SaintsFC. https://t.co/7WKZBsBvbX",2008-04-07 21:37:19+00:00,647,1079,"[428225985, 366698784, 17297519, 15197548, 26411167]","[93, 65, 100, 50, 76]",[],[],"[1, 0, 0, 0, 0, 0, 0, 0, 0, 0, 0, 0, 0, 0, 0, 0, 0, 1, 0, 0, 0, 0, 0, 1]","['off_line', 'off_line', 'off_line', 'off_line', 'off_line', 'off_line', 'off_line', 'off_line', 'off_line', 'off_line', 'off_line', 'off_line', 'off_line', 'off_line', 'off_line', 'off_line', 'off_line', 'off_line', 'off_line', 'off_line', 'off_line', 'off_line', 'off_line', 'off_line']","Digital strategy consultant; retail and brands; passionate about data, tech & CX in eBiz. Love coffee, cycling and SaintsFC. https://t.co/7WKZBsBvbX","[72604394, 38606937]"
48,177300767,user_48,user48,"Official technology service provider of electrical industry. Founded by NAED & NEMA. Tweets about eBusiness,  industry news, our products & partners.",2010-08-11 19:47:07+00:00,1860,258,"[14529063, 2796715257]","[9, 95]",[],[],"[0, 0, 0, 0, 0, 0, 0, 0, 0, 0, 0, 0, 0, 0, 0, 0, 0, 0, 1, 0, 1, 0, 0, 0]","['off_line', 'off_line', 'off_line', 'off_line', 'off_line', 'off_line', 'off_line', 'off_line', 'off_line', 'off_line', 'off_line', 'off_line', 'off_line', 'off_line', 'off_line', 'off_line', 'off_line', 'off_line', 'off_line', 'off_line', 'off_line', 'off_line', 'off_line', 'off_line']","Official technology service provider of electrical industry. Founded by NAED & NEMA. Tweets about eBusiness,  industry news, our products & partners.",[]
49,426090051,user_49,user49,@LinkedIn. Traveler. Excessive coffee drinker.,2011-12-01 20:43:56+00:00,297,138,"[184599763, 48005920, 39603334]","[80, 23, 37]",[],[],"[0, 0, 0, 0, 0, 0, 0, 0, 0, 0, 0, 0, 0, 0, 0, 0, 0, 0, 0, 1, 0, 0, 1, 0]","['off_line', 'off_line', 'off_line', 'off_line', 'off_line', 'off_line', 'off_line', 'off_line', 'off_line', 'off_line', 'off_line', 'off_line', 'off_line', 'off_line', 'off_line', 'off_line', 'off_line', 'off_line', 'off_line', 'off_line', 'off_line', 'off_line', 'off_line', 'off_line']",@LinkedIn. Traveler. Excessive coffee drinker.,[16199328]
50,50441206,user_50,user50,Bringing back legendary composers with AI #classicalregenerated,2009-06-24 21:09:47+00:00,4483,628,[50441206],[],[],[],"[0, 0, 0, 0, 0, 0, 0, 0, 0, 1, 1, 1, 0, 4, 1, 1, 1, 3, 0, 2, 0, 0, 1, 4]","['off_line', 'off_line', 'off_line', 'off_line', 'off_line', 'off_line', 'off_line', 'off_line', 'off_line', 'off_line', 'off_line', 'off_line', 'off_line', 'normal', 'off_line', 'off_line', 'off_line', 'busy', 'off_line', 'busy', 'off_line', 'off_line', 'off_line', 'normal']",Bringing back legendary composers with AI #classicalregenerated,[50441206]
51,15197548,user_51,user51,"Husband and father of three. Software developer, agilist, scrum advocate. PSM Level I",2008-06-22 13:55:37+00:00,521,1043,[124851931],[11],[],[],"[3, 3, 4, 1, 3, 1, 0, 1, 2, 1, 0, 0, 0, 0, 2, 17, 1, 2, 2, 0, 0, 3, 0, 0]","['busy', 'busy', 'normal', 'off_line', 'busy', 'off_line', 'off_line', 'off_line', 'busy', 'off_line', 'off_line', 'off_line', 'off_line', 'off_line', 'busy', 'active', 'off_line', 'busy', 'busy', 'off_line', 'off_line', 'busy', 'off_line', 'off_line']","Husband and father of three. Software developer, agilist, scrum advocate. PSM Level I",[14529063]
52,239145704,user_52,user52,Ma r√®gle de base c'est d'√™tre unique et diff√©rent. Car plus tu es diff√©rent  plus tu deviens unique d'avoir autant de diff√©rences,2011-01-16 23:02:53+00:00,3471,4677,"[21687246, 382248824, 34916679, 2413396015]","[4, 89, 84, 67]",[],[],"[10, 10, 8, 6, 7, 0, 7, 0, 2, 0, 0, 1, 15, 11, 11, 19, 28, 14, 6, 10, 17, 11, 8, 16]","['active', 'active', 'normal', 'normal', 'normal', 'off_line', 'normal', 'off_line', 'busy', 'off_line', 'off_line', 'off_line', 'active', 'active', 'active', 'active', 'active', 'active', 'normal', 'active', 'active', 'active', 'normal', 'active']",Ma r√®gle de base c'est d'√™tre unique et diff√©rent. Car plus tu es diff√©rent  plus tu deviens unique d'avoir autant de diff√©rences,[]
53,7890312,user_53,user53,"@BU_Tweets Grad and Client Educator @basisglobaltech. Passionate about @shetribe_, #neuroscience, #education, and the #PNW.",2007-08-01 20:19:11+00:00,127,301,"[25745023, 15197548, 248936218]","[83, 50, 96]",[],[],"[0, 0, 1, 0, 2, 0, 0, 0, 0, 0, 0, 0, 0, 0, 0, 0, 0, 0, 0, 0, 0, 0, 0, 0]","['off_line', 'off_line', 'off_line', 'off_line', 'busy', 'off_line', 'off_line', 'off_line', 'off_line', 'off_line', 'off_line', 'off_line', 'off_line', 'off_line', 'off_line', 'off_line', 'off_line', 'off_line', 'off_line', 'off_line', 'off_line', 'off_line', 'off_line', 'off_line']","@BU_Tweets Grad and Client Educator @basisglobaltech. Passionate about @shetribe_, #neuroscience, #education, and the #PNW.",[2366070992]
54,1078319785,user_54,user54,Our lives become beautiful not because we are perfect. Our lives become beautiful because we put our heart into whatever we do. #Sadhguru @cpsavesoil,2013-01-11 02:43:15+00:00,4531,4220,[],[],[],[],"[0, 1, 0, 0, 0, 0, 0, 0, 0, 0, 0, 0, 0, 0, 0, 1, 2, 3, 1, 1, 2, 0, 0, 0]","['off_line', 'off_line', 'off_line', 'off_line', 'off_line', 'off_line', 'off_line', 'off_line', 'off_line', 'off_line', 'off_line', 'off_line', 'off_line', 'off_line', 'off_line', 'off_line', 'busy', 'busy', 'off_line', 'off_line', 'busy', 'off_line', 'off_line', 'off_line']",Our lives become beautiful not because we are perfect. Our lives become beautiful because we put our heart into whatever we do. #Sadhguru @cpsavesoil,[]
55,195246980,user_55,user55,"Suburb-dweller trekking into Boston. Mom, fan of cattle dogs, wine, true crime, and streaming documentaries.",2010-09-26 05:31:51+00:00,277,1125,"[498926310, 195246980]",[81],[],[],"[1, 1, 1, 1, 1, 1, 0, 0, 0, 0, 0, 0, 1, 1, 1, 2, 2, 2, 1, 1, 2, 1, 1, 1]","['off_line', 'off_line', 'off_line', 'off_line', 'off_line', 'off_line', 'off_line', 'off_line', 'off_line', 'off_line', 'off_line', 'off_line', 'off_line', 'off_line', 'off_line', 'busy', 'busy', 'busy', 'off_line', 'off_line', 'busy', 'off_line', 'off_line', 'off_line']","Suburb-dweller trekking into Boston. Mom, fan of cattle dogs, wine, true crime, and streaming documentaries.",[195246980]
56,127501740,user_56,user56,,2010-03-29 12:07:58+00:00,9,16,[121216105],[102],[],[],"[1, 1, 1, 1, 1, 1, 0, 0, 0, 0, 0, 0, 1, 1, 1, 2, 2, 2, 1, 1, 2, 1, 1, 1]","['off_line', 'off_line', 'off_line', 'off_line', 'off_line', 'off_line', 'off_line', 'off_line', 'off_line', 'off_line', 'off_line', 'off_line', 'off_line', 'off_line', 'off_line', 'busy', 'busy', 'busy', 'off_line', 'off_line', 'busy', 'off_line', 'off_line', 'off_line']",,[]
57,406470792,user_57,user57,"PR professional, sports lover, and a self-declared TV junkie. All opinions are my own",2011-11-06 19:11:25+00:00,254,849,"[16529278, 406992903, 18138649, 21687246]","[21, 70, 8, 4]",[],[],"[0, 0, 0, 0, 0, 0, 0, 0, 0, 0, 0, 0, 0, 1, 0, 0, 0, 2, 0, 1, 0, 0, 1, 0]","['off_line', 'off_line', 'off_line', 'off_line', 'off_line', 'off_line', 'off_line', 'off_line', 'off_line', 'off_line', 'off_line', 'off_line', 'off_line', 'off_line', 'off_line', 'off_line', 'off_line', 'busy', 'off_line', 'off_line', 'off_line', 'off_line', 'off_line', 'off_line']","PR professional, sports lover, and a self-declared TV junkie. All opinions are my own",[]
58,617166446,user_58,user58,,2012-06-24 14:28:43+00:00,121,180,[],[],[],[],"[1, 1, 1, 1, 1, 1, 0, 0, 0, 0, 0, 0, 1, 1, 1, 2, 2, 2, 1, 1, 2, 1, 1, 1]","['off_line', 'off_line', 'off_line', 'off_line', 'off_line', 'off_line', 'off_line', 'off_line', 'off_line', 'off_line', 'off_line', 'off_line', 'off_line', 'off_line', 'off_line', 'busy', 'busy', 'busy', 'off_line', 'off_line', 'busy', 'off_line', 'off_line', 'off_line']",,[]
59,2469359521,user_59,user59,"this is a personal account, expect randomness she/her Áã¨Ë∫´‰∏≠Âπ¥„Ç¢„Ç§„Éâ„É´„É≤„Çø„ÉΩ(¬¥„Éº`)„Éé„Éï„Ç©„Ç®„Éê„Éº / Current OJS48 member",2014-04-29 14:20:30+00:00,872,4986,[972651],[32],[],[],"[4, 2, 0, 3, 6, 0, 0, 0, 0, 0, 0, 0, 0, 10, 0, 6, 6, 12, 6, 10, 4, 9, 1, 12]","['normal', 'busy', 'off_line', 'busy', 'normal', 'off_line', 'off_line', 'off_line', 'off_line', 'off_line', 'off_line', 'off_line', 'off_line', 'active', 'off_line', 'normal', 'normal', 'active', 'normal', 'active', 'normal', 'normal', 'off_line', 'active']","this is a personal account, expect randomness she/her Áã¨Ë∫´‰∏≠Âπ¥„Ç¢„Ç§„Éâ„É´„É≤„Çø„ÉΩ(¬¥„Éº`)„Éé„Éï„Ç©„Ç®„Éê„Éº / Current OJS48 member",[]
60,278617249,user_60,user60,üé≠üé¨ Actress üéô Voiceover Artist üòª Cat lover üõ• Yacht Rock connoisseur üíñüíö AKA1908,2011-04-07 16:36:37+00:00,2387,4636,[17297519],[100],[],[],"[1, 1, 1, 1, 1, 1, 0, 0, 0, 0, 0, 0, 1, 1, 1, 2, 2, 2, 1, 1, 2, 1, 1, 1]","['off_line', 'off_line', 'off_line', 'off_line', 'off_line', 'off_line', 'off_line', 'off_line', 'off_line', 'off_line', 'off_line', 'off_line', 'off_line', 'off_line', 'off_line', 'busy', 'busy', 'busy', 'off_line', 'off_line', 'busy', 'off_line', 'off_line', 'off_line']",üé≠üé¨ Actress üéô Voiceover Artist üòª Cat lover üõ• Yacht Rock connoisseur üíñüíö AKA1908,[]
61,900777782,user_61,user61,,2012-10-23 23:21:58+00:00,133,126,[2327585502],[30],[],[],"[0, 1, 3, 1, 0, 1, 0, 0, 0, 0, 0, 0, 0, 0, 1, 1, 0, 0, 0, 0, 0, 2, 2, 2]","['off_line', 'off_line', 'busy', 'off_line', 'off_line', 'off_line', 'off_line', 'off_line', 'off_line', 'off_line', 'off_line', 'off_line', 'off_line', 'off_line', 'off_line', 'off_line', 'off_line', 'off_line', 'off_line', 'off_line', 'off_line', 'busy', 'busy', 'busy']",,[]
62,72604394,user_62,user62,"Ad writer, creative thinker, brand shaper. Interested in everything tech and alcohol.",2009-09-08 17:03:38+00:00,822,1634,"[966316886, 2254350528, 14327196, 406992903, 2809464808]","[42, 86, 46, 70, 40]",[],[],"[0, 0, 1, 0, 0, 0, 0, 0, 1, 0, 0, 0, 0, 0, 0, 0, 1, 2, 0, 0, 1, 0, 0, 0]","['off_line', 'off_line', 'off_line', 'off_line', 'off_line', 'off_line', 'off_line', 'off_line', 'off_line', 'off_line', 'off_line', 'off_line', 'off_line', 'off_line', 'off_line', 'off_line', 'off_line', 'busy', 'off_line', 'off_line', 'off_line', 'off_line', 'off_line', 'off_line']","Ad writer, creative thinker, brand shaper. Interested in everything tech and alcohol.",[]
63,91412333,user_63,user63,"Lord Jesus Christ, Son of God, have mercy on me, because I am a sinner ‚ò¶Ô∏èüõê",2009-11-20 19:53:08+00:00,4336,1498,[],[],[],[],"[1, 1, 1, 1, 1, 1, 0, 0, 0, 0, 0, 0, 1, 1, 1, 2, 2, 2, 1, 1, 2, 1, 1, 1]","['off_line', 'off_line', 'off_line', 'off_line', 'off_line', 'off_line', 'off_line', 'off_line', 'off_line', 'off_line', 'off_line', 'off_line', 'off_line', 'off_line', 'off_line', 'busy', 'busy', 'busy', 'off_line', 'off_line', 'busy', 'off_line', 'off_line', 'off_line']","Lord Jesus Christ, Son of God, have mercy on me, because I am a sinner ‚ò¶Ô∏èüõê",[]
64,24809218,user_64,user64,"Work in communication / digital media. Big fan of post-its, colorful pens & Persian food. Opinions are my own.",2009-03-17 00:55:07+00:00,391,478,"[385873148, 19908090]","[31, 98]",[],[],"[3, 1, 0, 2, 0, 0, 0, 0, 0, 0, 0, 0, 0, 1, 0, 1, 0, 0, 0, 0, 1, 0, 0, 0]","['busy', 'off_line', 'off_line', 'busy', 'off_line', 'off_line', 'off_line', 'off_line', 'off_line', 'off_line', 'off_line', 'off_line', 'off_line', 'off_line', 'off_line', 'off_line', 'off_line', 'off_line', 'off_line', 'off_line', 'off_line', 'off_line', 'off_line', 'off_line']","Work in communication / digital media. Big fan of post-its, colorful pens & Persian food. Opinions are my own.",[]
65,141898283,user_65,user65,,2010-05-09 10:21:42+00:00,15,430,[],[],[],[],"[1, 1, 1, 1, 1, 1, 0, 0, 0, 0, 0, 0, 1, 1, 1, 2, 2, 2, 1, 1, 2, 1, 1, 1]","['off_line', 'off_line', 'off_line', 'off_line', 'off_line', 'off_line', 'off_line', 'off_line', 'off_line', 'off_line', 'off_line', 'off_line', 'off_line', 'off_line', 'off_line', 'busy', 'busy', 'busy', 'off_line', 'off_line', 'busy', 'off_line', 'off_line', 'off_line']",,[]
66,366698784,user_66,user66,"Data journalist turned web developer, proud member of @ondatait 'So come on friends, To the barricades again. We will find our way, We will find our way.'",2011-09-02 17:11:26+00:00,443,1114,"[179155320, 2477530908, 35654766]","[79, 72, 17]",[],[],"[1, 1, 1, 1, 1, 1, 0, 0, 0, 0, 0, 0, 1, 1, 1, 2, 2, 2, 1, 1, 2, 1, 1, 1]","['off_line', 'off_line', 'off_line', 'off_line', 'off_line', 'off_line', 'off_line', 'off_line', 'off_line', 'off_line', 'off_line', 'off_line', 'off_line', 'off_line', 'off_line', 'busy', 'busy', 'busy', 'off_line', 'off_line', 'busy', 'off_line', 'off_line', 'off_line']","Data journalist turned web developer, proud member of @ondatait 'So come on friends, To the barricades again. We will find our way, We will find our way.'",[]
67,198251155,user_67,user67,"Techno-adventurer, citizen of the world imprisoned voluntarily in Greece, Web-sucker-surfer, social media observer, music lover.",2010-10-03 19:44:02+00:00,451,912,"[16509845, 24809218, 235248342, 26411167, 278617249]","[18, 63, 88, 76, 59]",[],[],"[0, 0, 0, 0, 0, 0, 0, 0, 1, 0, 1, 2, 0, 0, 0, 0, 0, 0, 0, 2, 0, 0, 0, 0]","['off_line', 'off_line', 'off_line', 'off_line', 'off_line', 'off_line', 'off_line', 'off_line', 'off_line', 'off_line', 'off_line', 'busy', 'off_line', 'off_line', 'off_line', 'off_line', 'off_line', 'off_line', 'off_line', 'busy', 'off_line', 'off_line', 'off_line', 'off_line']","Techno-adventurer, citizen of the world imprisoned voluntarily in Greece, Web-sucker-surfer, social media observer, music lover.",[]
68,2413396015,user_68,user68,"Small town girl, living the big city dream. Currently pursuing my Master's in Digital Marketing and Analytics. Check out my blog here: https://t.co/vzo2dWqs1w",2014-03-27 00:51:06+00:00,78,186,"[48005920, 2477530908, 406992903]","[23, 72, 70]",[],[],"[1, 1, 1, 1, 1, 1, 0, 0, 0, 0, 0, 0, 1, 1, 1, 2, 2, 2, 1, 1, 2, 1, 1, 1]","['off_line', 'off_line', 'off_line', 'off_line', 'off_line', 'off_line', 'off_line', 'off_line', 'off_line', 'off_line', 'off_line', 'off_line', 'off_line', 'off_line', 'off_line', 'busy', 'busy', 'busy', 'off_line', 'off_line', 'busy', 'off_line', 'off_line', 'off_line']","Small town girl, living the big city dream. Currently pursuing my Master's in Digital Marketing and Analytics. Check out my blog here: https://t.co/vzo2dWqs1w","[38210037, 21687246]"
69,23686158,user_69,user69,"Transforming Communication through Content Creation and Digital Distribution Me: Husband, Dad, golfer, Boston Fan, Trinity Coll. Alum, sportsbiz , optimist",2009-03-11 00:00:24+00:00,355,929,"[244185372, 385873148]","[39, 31]",[],[],"[1, 1, 1, 1, 1, 1, 0, 0, 0, 0, 0, 0, 1, 1, 1, 2, 2, 2, 1, 1, 2, 1, 1, 1]","['off_line', 'off_line', 'off_line', 'off_line', 'off_line', 'off_line', 'off_line', 'off_line', 'off_line', 'off_line', 'off_line', 'off_line', 'off_line', 'off_line', 'off_line', 'busy', 'busy', 'busy', 'off_line', 'off_line', 'busy', 'off_line', 'off_line', 'off_line']","Transforming Communication through Content Creation and Digital Distribution Me: Husband, Dad, golfer, Boston Fan, Trinity Coll. Alum, sportsbiz , optimist",[16529278]
70,38606937,user_70,user70,#Technology Lover. #MarketingAutomation Expert. #Blogger. Powered by #Coffee,2009-05-08 04:36:41+00:00,149,237,"[837677670, 14327196, 418358791]","[10, 46, 71]",[],[],"[0, 1, 0, 1, 2, 0, 0, 1, 1, 0, 0, 0, 1, 0, 4, 0, 1, 1, 6, 2, 2, 2, 3, 0]","['off_line', 'off_line', 'off_line', 'off_line', 'busy', 'off_line', 'off_line', 'off_line', 'off_line', 'off_line', 'off_line', 'off_line', 'off_line', 'off_line', 'normal', 'off_line', 'off_line', 'off_line', 'normal', 'busy', 'busy', 'busy', 'busy', 'off_line']",#Technology Lover. #MarketingAutomation Expert. #Blogger. Powered by #Coffee,[]
71,406992903,user_71,user71,"#SocialMedia Experts in #Digital #Marketing, #Online #Advertising, #Branding, #Web #Strategy, #SMO #SEO | #Facebook #Twitter #YouTube | RTs are not endorsements",2011-11-07 13:42:20+00:00,20090,130,"[2809464808, 35654766]","[40, 17]",[],[],"[1, 1, 1, 1, 1, 1, 0, 0, 0, 0, 0, 0, 1, 1, 1, 2, 2, 2, 1, 1, 2, 1, 1, 1]","['off_line', 'off_line', 'off_line', 'off_line', 'off_line', 'off_line', 'off_line', 'off_line', 'off_line', 'off_line', 'off_line', 'off_line', 'off_line', 'off_line', 'off_line', 'busy', 'busy', 'busy', 'off_line', 'off_line', 'busy', 'off_line', 'off_line', 'off_line']","#SocialMedia Experts in #Digital #Marketing, #Online #Advertising, #Branding, #Web #Strategy, #SMO #SEO | #Facebook #Twitter #YouTube | RTs are not endorsements","[446811905, 35654766, 39603334, 72604394, 1636278630]"
72,418358791,user_72,user72,tech n3rd | product at Tibber | father of three,2011-11-22 02:38:05+00:00,120,323,"[177300767, 2796715257]","[47, 95]",[],[],"[1, 1, 1, 1, 1, 1, 0, 0, 0, 0, 0, 0, 1, 1, 1, 2, 2, 2, 1, 1, 2, 1, 1, 1]","['off_line', 'off_line', 'off_line', 'off_line', 'off_line', 'off_line', 'off_line', 'off_line', 'off_line', 'off_line', 'off_line', 'off_line', 'off_line', 'off_line', 'off_line', 'busy', 'busy', 'busy', 'off_line', 'off_line', 'busy', 'off_line', 'off_line', 'off_line']",tech n3rd | product at Tibber | father of three,"[2327585502, 38606937, 25745023]"
73,2477530908,user_73,user73,"Creative Studios - Web Design + Development, Graphic Design, Branding, Social Media Marketing, SEO, Content Marketing, Google Ads & More.",2014-05-04 23:35:40+00:00,512,99,"[18242160, 14529063, 16509845]","[20, 9, 18]",[],[],"[0, 0, 0, 0, 0, 0, 0, 0, 0, 0, 0, 0, 0, 0, 1, 0, 0, 1, 0, 0, 1, 0, 0, 0]","['off_line', 'off_line', 'off_line', 'off_line', 'off_line', 'off_line', 'off_line', 'off_line', 'off_line', 'off_line', 'off_line', 'off_line', 'off_line', 'off_line', 'off_line', 'off_line', 'off_line', 'off_line', 'off_line', 'off_line', 'off_line', 'off_line', 'off_line', 'off_line']","Creative Studios - Web Design + Development, Graphic Design, Branding, Social Media Marketing, SEO, Content Marketing, Google Ads & More.","[366698784, 2413396015]"
74,117943883,user_74,user74,Data harmonizer. Unfolding e(in)ternally. https://t.co/N6HzmcBqx9 #MabStudios #CG ‚ôê,2010-02-27 03:34:02+00:00,1251,3287,"[15197548, 2477530908, 18242160]","[50, 72, 20]",[],[],"[1, 1, 1, 1, 1, 1, 0, 0, 0, 0, 0, 0, 1, 1, 1, 2, 2, 2, 1, 1, 2, 1, 1, 1]","['off_line', 'off_line', 'off_line', 'off_line', 'off_line', 'off_line', 'off_line', 'off_line', 'off_line', 'off_line', 'off_line', 'off_line', 'off_line', 'off_line', 'off_line', 'busy', 'busy', 'busy', 'off_line', 'off_line', 'busy', 'off_line', 'off_line', 'off_line']",Data harmonizer. Unfolding e(in)ternally. https://t.co/N6HzmcBqx9 #MabStudios #CG ‚ôê,[25745023]
75,2380794661,user_75,user75,Innovation & Sustainability,2014-03-09 17:36:17+00:00,182,333,"[198251155, 546141443]","[66, 75]",[],[],"[1, 1, 1, 1, 1, 1, 0, 0, 0, 0, 0, 0, 1, 1, 1, 2, 2, 2, 1, 1, 2, 1, 1, 1]","['off_line', 'off_line', 'off_line', 'off_line', 'off_line', 'off_line', 'off_line', 'off_line', 'off_line', 'off_line', 'off_line', 'off_line', 'off_line', 'off_line', 'off_line', 'busy', 'busy', 'busy', 'off_line', 'off_line', 'busy', 'off_line', 'off_line', 'off_line']",Innovation & Sustainability,[]
76,546141443,user_76,user76,Budding Software Engineer who loves to travel and share new experiences. Yes; I live on two extremes of the same spectrum. Call it crazy; i think its divine.,2012-04-05 17:28:02+00:00,161,382,"[14529063, 14934122]","[9, 13]",[],[],"[1, 1, 1, 1, 1, 1, 0, 0, 0, 0, 0, 0, 1, 1, 1, 2, 2, 2, 1, 1, 2, 1, 1, 1]","['off_line', 'off_line', 'off_line', 'off_line', 'off_line', 'off_line', 'off_line', 'off_line', 'off_line', 'off_line', 'off_line', 'off_line', 'off_line', 'off_line', 'off_line', 'busy', 'busy', 'busy', 'off_line', 'off_line', 'busy', 'off_line', 'off_line', 'off_line']",Budding Software Engineer who loves to travel and share new experiences. Yes; I live on two extremes of the same spectrum. Call it crazy; i think its divine.,[]
77,26411167,user_77,user77,Computer Science Engineer therefore COFFEE LOVER =D,2009-03-25 02:55:18+00:00,148,244,"[14934122, 18242160, 14529063]","[13, 20, 9]",[],[],"[1, 1, 1, 1, 1, 1, 0, 0, 0, 0, 0, 0, 1, 1, 1, 2, 2, 2, 1, 1, 2, 1, 1, 1]","['off_line', 'off_line', 'off_line', 'off_line', 'off_line', 'off_line', 'off_line', 'off_line', 'off_line', 'off_line', 'off_line', 'off_line', 'off_line', 'off_line', 'off_line', 'busy', 'busy', 'busy', 'off_line', 'off_line', 'busy', 'off_line', 'off_line', 'off_line']",Computer Science Engineer therefore COFFEE LOVER =D,"[14327196, 198251155, 248936218]"
78,589637517,user_78,user78,,2012-05-25 00:48:57+00:00,105,111,[],[],[],[],"[0, 1, 0, 1, 1, 0, 0, 0, 0, 0, 0, 0, 0, 0, 0, 0, 0, 0, 0, 0, 0, 0, 0, 0]","['off_line', 'off_line', 'off_line', 'off_line', 'off_line', 'off_line', 'off_line', 'off_line', 'off_line', 'off_line', 'off_line', 'off_line', 'off_line', 'off_line', 'off_line', 'off_line', 'off_line', 'off_line', 'off_line', 'off_line', 'off_line', 'off_line', 'off_line', 'off_line']",,[]
79,1636278630,user_79,user79,Leading global retail marketing and activation company providing award-winning solutions and changing the face of retail for 70 years. http://t.co/XOzS9x7dSr,2013-07-31 20:16:52+00:00,211,168,"[48005920, 39603334, 406992903, 22720314]","[23, 37, 70, 41]",[],[],"[0, 0, 0, 0, 0, 0, 0, 0, 0, 0, 0, 0, 0, 2, 1, 0, 0, 0, 0, 1, 1, 0, 0, 0]","['off_line', 'off_line', 'off_line', 'off_line', 'off_line', 'off_line', 'off_line', 'off_line', 'off_line', 'off_line', 'off_line', 'off_line', 'off_line', 'busy', 'off_line', 'off_line', 'off_line', 'off_line', 'off_line', 'off_line', 'off_line', 'off_line', 'off_line', 'off_line']",Leading global retail marketing and activation company providing award-winning solutions and changing the face of retail for 70 years. http://t.co/XOzS9x7dSr,[]
80,179155320,user_80,user80,"LTEC PhD student, IT Mgr @ UH MƒÅnoa, HGEA BU08 President 23-25, EdTech, #VR #AR #MR & #eSports Research, Foodie, & Wine #its4thekids -Views R My Own-",2010-08-16 16:57:43+00:00,1375,4477,"[2477530908, 124851931]","[72, 11]",[],[],"[0, 2, 4, 3, 2, 0, 2, 1, 1, 0, 0, 0, 0, 0, 0, 0, 0, 0, 1, 0, 2, 5, 0, 0]","['off_line', 'busy', 'normal', 'busy', 'busy', 'off_line', 'busy', 'off_line', 'off_line', 'off_line', 'off_line', 'off_line', 'off_line', 'off_line', 'off_line', 'off_line', 'off_line', 'off_line', 'off_line', 'off_line', 'busy', 'normal', 'off_line', 'off_line']","LTEC PhD student, IT Mgr @ UH MƒÅnoa, HGEA BU08 President 23-25, EdTech, #VR #AR #MR & #eSports Research, Foodie, & Wine #its4thekids -Views R My Own-",[972651]
81,184599763,user_81,user81,An American living in the UK.,2010-08-30 00:25:36+00:00,2211,1577,"[296912767, 406470792, 2413396015, 546141443, 23686158]","[109, 56, 67, 75, 68]",[],[],"[1, 1, 1, 1, 1, 1, 0, 0, 0, 0, 0, 0, 1, 1, 1, 2, 2, 2, 1, 1, 2, 1, 1, 1]","['off_line', 'off_line', 'off_line', 'off_line', 'off_line', 'off_line', 'off_line', 'off_line', 'off_line', 'off_line', 'off_line', 'off_line', 'off_line', 'off_line', 'off_line', 'busy', 'busy', 'busy', 'off_line', 'off_line', 'busy', 'off_line', 'off_line', 'off_line']",An American living in the UK.,[]
82,498926310,user_82,user82,"Talent Acquisition, Human Resources, Operations, Dog Lover, Trail Runner, EMT, Firefighter, Ski Patroller, Chef, Mom, Wife",2012-02-21 15:38:16+00:00,359,825,"[25745023, 66358288]","[83, 94]",[],[],"[0, 0, 0, 2, 0, 1, 0, 0, 0, 0, 0, 0, 0, 0, 0, 0, 0, 3, 0, 0, 1, 0, 2, 0]","['off_line', 'off_line', 'off_line', 'busy', 'off_line', 'off_line', 'off_line', 'off_line', 'off_line', 'off_line', 'off_line', 'off_line', 'off_line', 'off_line', 'off_line', 'off_line', 'off_line', 'busy', 'off_line', 'off_line', 'off_line', 'off_line', 'busy', 'off_line']","Talent Acquisition, Human Resources, Operations, Dog Lover, Trail Runner, EMT, Firefighter, Ski Patroller, Chef, Mom, Wife",[195246980]
83,83572086,user_83,user83,"Heart firmly on sleeve - it's the best way, I promise! Mummy to the most adorable little boy. Grafter - I can't help it",2009-10-19 10:45:19+00:00,461,902,[],[],[],[],"[1, 1, 1, 1, 1, 1, 0, 0, 0, 0, 0, 0, 1, 1, 1, 2, 2, 2, 1, 1, 2, 1, 1, 1]","['off_line', 'off_line', 'off_line', 'off_line', 'off_line', 'off_line', 'off_line', 'off_line', 'off_line', 'off_line', 'off_line', 'off_line', 'off_line', 'off_line', 'off_line', 'busy', 'busy', 'busy', 'off_line', 'off_line', 'busy', 'off_line', 'off_line', 'off_line']","Heart firmly on sleeve - it's the best way, I promise! Mummy to the most adorable little boy. Grafter - I can't help it",[]
84,25745023,user_84,user84,"Creator of patented PortaPocket modular wearables: versatile pockets keep cellphone, ID/cards, passports+ safe. Adaptive for dogs+wheelchairs too ‚ô•Science+Facts",2009-03-21 23:18:59+00:00,5336,5269,"[66358288, 117943883, 35654766, 48005920, 418358791]","[94, 73, 17, 23, 71]",[],[],"[14, 2, 6, 3, 1, 0, 0, 0, 0, 0, 0, 0, 3, 22, 7, 15, 12, 10, 1, 3, 3, 0, 1, 3]","['active', 'busy', 'normal', 'busy', 'off_line', 'off_line', 'off_line', 'off_line', 'off_line', 'off_line', 'off_line', 'off_line', 'busy', 'active', 'normal', 'active', 'active', 'active', 'off_line', 'busy', 'busy', 'off_line', 'off_line', 'busy']","Creator of patented PortaPocket modular wearables: versatile pockets keep cellphone, ID/cards, passports+ safe. Adaptive for dogs+wheelchairs too ‚ô•Science+Facts","[385873148, 2809464808, 428225985]"
85,34916679,user_85,user85,R√©dactrice en chef adjointe @LUsineDigitale. Pass√©e par suffisamment d'endroits pour me m√©fier des √©tiquettes.,2009-04-24 12:53:49+00:00,2196,685,[38606937],[69],[],[],"[0, 0, 0, 0, 0, 0, 0, 0, 1, 0, 3, 0, 2, 1, 0, 2, 0, 0, 0, 0, 0, 1, 0, 0]","['off_line', 'off_line', 'off_line', 'off_line', 'off_line', 'off_line', 'off_line', 'off_line', 'off_line', 'off_line', 'busy', 'off_line', 'busy', 'off_line', 'off_line', 'busy', 'off_line', 'off_line', 'off_line', 'off_line', 'off_line', 'off_line', 'off_line', 'off_line']",R√©dactrice en chef adjointe @LUsineDigitale. Pass√©e par suffisamment d'endroits pour me m√©fier des √©tiquettes.,"[837677670, 239145704, 376164732, 428225985]"
86,239029295,user_86,user86,"Addicted to reading & dogs. Lit Agent for Collecting Shakespeare by Stephen Grant, West Without Water by Lynn Ingram. I vote for Democrats & Democracy.",2011-01-16 16:51:11+00:00,1447,2305,"[18492523, 268065930]","[103, 16]",[],[],"[0, 1, 0, 0, 0, 0, 0, 0, 0, 0, 0, 7, 9, 1, 2, 4, 3, 4, 1, 1, 3, 2, 0, 3]","['off_line', 'off_line', 'off_line', 'off_line', 'off_line', 'off_line', 'off_line', 'off_line', 'off_line', 'off_line', 'off_line', 'normal', 'normal', 'off_line', 'busy', 'normal', 'busy', 'normal', 'off_line', 'off_line', 'busy', 'busy', 'off_line', 'busy']","Addicted to reading & dogs. Lit Agent for Collecting Shakespeare by Stephen Grant, West Without Water by Lynn Ingram. I vote for Democrats & Democracy.",[66358288]
87,2254350528,user_87,user87,"PhD candidate in Information Studies, University of Maryland's iSchool.",2013-12-20 02:27:20+00:00,332,1221,"[966316886, 2796715257, 117943883]","[42, 95, 73]",[],[],"[1, 1, 1, 1, 1, 1, 0, 0, 0, 0, 0, 0, 1, 1, 1, 2, 2, 2, 1, 1, 2, 1, 1, 1]","['off_line', 'off_line', 'off_line', 'off_line', 'off_line', 'off_line', 'off_line', 'off_line', 'off_line', 'off_line', 'off_line', 'off_line', 'off_line', 'off_line', 'off_line', 'busy', 'busy', 'busy', 'off_line', 'off_line', 'busy', 'off_line', 'off_line', 'off_line']","PhD candidate in Information Studies, University of Maryland's iSchool.",[]
88,212101327,user_88,user88,she/her | this is my private trash account find me mostly at @isabelsong,2010-11-05 03:56:13+00:00,585,1792,[212101327],[],[],[],"[1, 1, 1, 1, 1, 1, 0, 0, 0, 0, 0, 0, 1, 1, 1, 2, 2, 2, 1, 1, 2, 1, 1, 1]","['off_line', 'off_line', 'off_line', 'off_line', 'off_line', 'off_line', 'off_line', 'off_line', 'off_line', 'off_line', 'off_line', 'off_line', 'off_line', 'off_line', 'off_line', 'busy', 'busy', 'busy', 'off_line', 'off_line', 'busy', 'off_line', 'off_line', 'off_line']",she/her | this is my private trash account find me mostly at @isabelsong,[212101327]
89,235248342,user_89,user89,"Loves shopping, reading, sweets, coffee and tea, Milton the cat, and nail polish. Always has a serious case of wanderlust.",2011-01-07 18:34:15+00:00,556,198,"[66358288, 296912767]","[94, 109]",[],[],"[3, 0, 0, 0, 1, 0, 0, 0, 0, 0, 0, 1, 3, 1, 3, 4, 0, 0, 1, 1, 2, 0, 3, 0]","['busy', 'off_line', 'off_line', 'off_line', 'off_line', 'off_line', 'off_line', 'off_line', 'off_line', 'off_line', 'off_line', 'off_line', 'busy', 'off_line', 'busy', 'normal', 'off_line', 'off_line', 'off_line', 'off_line', 'busy', 'off_line', 'busy', 'off_line']","Loves shopping, reading, sweets, coffee and tea, Milton the cat, and nail polish. Always has a serious case of wanderlust.",[]
90,382248824,user_90,user90,Bl√∂kt nicht mit den Mainstream-Schafen.Retweeten wirkt meist mehr als Liken.Beides freut mich nat√ºrlich am meisten ‚Ä¶,2011-09-29 18:55:54+00:00,6958,6848,"[15598689, 25745023, 2809464808]","[108, 83, 40]",[],[],"[1, 1, 1, 1, 1, 1, 0, 0, 0, 0, 0, 0, 1, 1, 1, 2, 2, 2, 1, 1, 2, 1, 1, 1]","['off_line', 'off_line', 'off_line', 'off_line', 'off_line', 'off_line', 'off_line', 'off_line', 'off_line', 'off_line', 'off_line', 'off_line', 'off_line', 'off_line', 'off_line', 'busy', 'busy', 'busy', 'off_line', 'off_line', 'busy', 'off_line', 'off_line', 'off_line']",Bl√∂kt nicht mit den Mainstream-Schafen.Retweeten wirkt meist mehr als Liken.Beides freut mich nat√ºrlich am meisten ‚Ä¶,[239029295]
91,376164732,user_91,user91,"Journaliste, Le Monde.  La d√©connexion des √©lites. Comment Internet d√©range l'ordre √©tabli (Ar√®nes, 2015) belot@lemonde.fr",2011-09-19 12:25:29+00:00,5909,4988,"[48005920, 14327196, 34916679, 38606937]","[23, 46, 84, 69]",[],[],"[0, 0, 0, 0, 1, 0, 0, 0, 0, 0, 0, 1, 0, 0, 0, 0, 0, 0, 0, 0, 0, 0, 0, 0]","['off_line', 'off_line', 'off_line', 'off_line', 'off_line', 'off_line', 'off_line', 'off_line', 'off_line', 'off_line', 'off_line', 'off_line', 'off_line', 'off_line', 'off_line', 'off_line', 'off_line', 'off_line', 'off_line', 'off_line', 'off_line', 'off_line', 'off_line', 'off_line']","Journaliste, Le Monde.  La d√©connexion des √©lites. Comment Internet d√©range l'ordre √©tabli (Ar√®nes, 2015) belot@lemonde.fr",[]
92,55467587,user_92,user92,genocide funder (American tax payer) || Mr Green Tea and the Big Steepers || uwu woo woo,2009-07-10 04:20:13+00:00,518,972,[],[],[],[],"[1, 1, 1, 1, 1, 1, 0, 0, 0, 0, 0, 0, 1, 1, 1, 2, 2, 2, 1, 1, 2, 1, 1, 1]","['off_line', 'off_line', 'off_line', 'off_line', 'off_line', 'off_line', 'off_line', 'off_line', 'off_line', 'off_line', 'off_line', 'off_line', 'off_line', 'off_line', 'off_line', 'busy', 'busy', 'busy', 'off_line', 'off_line', 'busy', 'off_line', 'off_line', 'off_line']",genocide funder (American tax payer) || Mr Green Tea and the Big Steepers || uwu woo woo,[]
93,255369814,user_93,user93,Read at your own risk,2011-02-21 06:28:40+00:00,162,236,[14327196],[46],[],[],"[1, 1, 1, 1, 1, 1, 0, 0, 0, 0, 0, 0, 1, 1, 1, 2, 2, 2, 1, 1, 2, 1, 1, 1]","['off_line', 'off_line', 'off_line', 'off_line', 'off_line', 'off_line', 'off_line', 'off_line', 'off_line', 'off_line', 'off_line', 'off_line', 'off_line', 'off_line', 'off_line', 'busy', 'busy', 'busy', 'off_line', 'off_line', 'busy', 'off_line', 'off_line', 'off_line']",Read at your own risk,[]
94,428225985,user_94,user94,"Technology news, reviews, opinions and issues.",2011-12-04 14:05:57+00:00,1721,0,"[25745023, 33961330, 34916679, 27519265]","[83, 3, 84, 35]",[],[],"[1, 1, 1, 1, 1, 1, 0, 0, 0, 0, 0, 0, 1, 1, 1, 2, 2, 2, 1, 1, 2, 1, 1, 1]","['off_line', 'off_line', 'off_line', 'off_line', 'off_line', 'off_line', 'off_line', 'off_line', 'off_line', 'off_line', 'off_line', 'off_line', 'off_line', 'off_line', 'off_line', 'busy', 'busy', 'busy', 'off_line', 'off_line', 'busy', 'off_line', 'off_line', 'off_line']","Technology news, reviews, opinions and issues.","[35654766, 966316886]"
95,66358288,user_95,user95,"Curious, kind, learning. I don‚Äôt need a knight in shining armour; I am the knight in shining armour #dogmom  #Kdrama #psychology #slowtravel",2009-08-17 13:52:34+00:00,9642,734,[239029295],[85],[],[],"[1, 1, 1, 1, 1, 1, 0, 0, 0, 0, 0, 0, 1, 1, 1, 2, 2, 2, 1, 1, 2, 1, 1, 1]","['off_line', 'off_line', 'off_line', 'off_line', 'off_line', 'off_line', 'off_line', 'off_line', 'off_line', 'off_line', 'off_line', 'off_line', 'off_line', 'off_line', 'off_line', 'busy', 'busy', 'busy', 'off_line', 'off_line', 'busy', 'off_line', 'off_line', 'off_line']","Curious, kind, learning. I don‚Äôt need a knight in shining armour; I am the knight in shining armour #dogmom  #Kdrama #psychology #slowtravel",[25745023]
96,2796715257,user_96,user96,"Techie. Cloud, security, SaaS, mobile. Performance is everything. CMO at Catchpoint. Personal account @gerardodada. Tweets are are my own. #ATX #performance",2014-09-30 23:47:40+00:00,241,912,"[406992903, 2327585502]","[70, 30]",[],[],"[0, 0, 0, 0, 0, 0, 0, 0, 0, 0, 0, 0, 0, 0, 2, 0, 1, 0, 0, 0, 2, 0, 0, 0]","['off_line', 'off_line', 'off_line', 'off_line', 'off_line', 'off_line', 'off_line', 'off_line', 'off_line', 'off_line', 'off_line', 'off_line', 'off_line', 'off_line', 'busy', 'off_line', 'off_line', 'off_line', 'off_line', 'off_line', 'busy', 'off_line', 'off_line', 'off_line']","Techie. Cloud, security, SaaS, mobile. Performance is everything. CMO at Catchpoint. Personal account @gerardodada. Tweets are are my own. #ATX #performance","[802812852, 177300767, 2254350528, 2436034951]"
97,248936218,user_97,user97,Computer Science Graduate | Gadget geek | Space enthusiast | Coffee addict | Basketball Lover... RETWEETS ARE NOT ENDORSEMENTS!,2011-02-08 01:09:33+00:00,188,273,"[972651, 26411167, 248936218, 72604394]","[32, 76, 61]",[],[],"[0, 0, 0, 2, 3, 0, 0, 0, 0, 0, 0, 0, 0, 0, 1, 0, 0, 0, 0, 0, 0, 0, 0, 0]","['off_line', 'off_line', 'off_line', 'busy', 'busy', 'off_line', 'off_line', 'off_line', 'off_line', 'off_line', 'off_line', 'off_line', 'off_line', 'off_line', 'off_line', 'off_line', 'off_line', 'off_line', 'off_line', 'off_line', 'off_line', 'off_line', 'off_line', 'off_line']",Computer Science Graduate | Gadget geek | Space enthusiast | Coffee addict | Basketball Lover... RETWEETS ARE NOT ENDORSEMENTS!,"[14529063, 248936218, 17297519]"
98,321438504,user_98,user98,"Sales Senior Recruiter @Cisco #recruiting #sourcing #recruitmentmarketing #employerbranding #HRtech #AI/ML My tweets, not Cisco's",2011-06-21 15:39:50+00:00,614,942,"[366698784, 26411167]","[65, 76]",[],[],"[0, 0, 0, 0, 0, 0, 0, 0, 1, 0, 0, 0, 0, 0, 0, 0, 2, 0, 0, 0, 0, 5, 1, 0]","['off_line', 'off_line', 'off_line', 'off_line', 'off_line', 'off_line', 'off_line', 'off_line', 'off_line', 'off_line', 'off_line', 'off_line', 'off_line', 'off_line', 'off_line', 'off_line', 'busy', 'off_line', 'off_line', 'off_line', 'off_line', 'normal', 'off_line', 'off_line']","Sales Senior Recruiter @Cisco #recruiting #sourcing #recruitmentmarketing #employerbranding #HRtech #AI/ML My tweets, not Cisco's",[]
99,19908090,user_99,user99,"Responsabile comunicazione @bolognawelcome, @nexacenter alumnus, clown",2009-02-02 14:13:03+00:00,4371,1504,[18492523],[103],[],[],"[1, 1, 1, 1, 1, 1, 0, 0, 0, 0, 0, 0, 1, 1, 1, 2, 2, 2, 1, 1, 2, 1, 1, 1]","['off_line', 'off_line', 'off_line', 'off_line', 'off_line', 'off_line', 'off_line', 'off_line', 'off_line', 'off_line', 'off_line', 'off_line', 'off_line', 'off_line', 'off_line', 'busy', 'busy', 'busy', 'off_line', 'off_line', 'busy', 'off_line', 'off_line', 'off_line']","Responsabile comunicazione @bolognawelcome, @nexacenter alumnus, clown","[16529278, 48005920, 24809218]"
100,18211373,user_100,user100,"Diletante y tal. Fui aprendiz de economista. Modelo fitness retirado. Quejumbres y jeremiadas. Creo cosas, hago cosas.",2008-12-18 07:57:14+00:00,6710,3423,[2413396015],[67],[],[],"[0, 1, 0, 0, 0, 0, 0, 3, 2, 0, 1, 3, 3, 3, 5, 6, 3, 3, 6, 5, 3, 2, 2, 0]","['off_line', 'off_line', 'off_line', 'off_line', 'off_line', 'off_line', 'off_line', 'busy', 'busy', 'off_line', 'off_line', 'busy', 'busy', 'busy', 'normal', 'normal', 'busy', 'busy', 'normal', 'normal', 'busy', 'busy', 'busy', 'off_line']","Diletante y tal. Fui aprendiz de economista. Modelo fitness retirado. Quejumbres y jeremiadas. Creo cosas, hago cosas.",[]
101,17297519,user_101,user101,"Music that doesn't suck, sports fan, tech geek, other random interests. Keep your pronouns/delusion. See a therapist.",2008-11-10 23:03:30+00:00,575,909,"[33961330, 35654766, 546141443, 972651, 248936218, 103352503]","[3, 17, 75, 32, 96, 27]",[],[],"[0, 0, 0, 1, 0, 0, 0, 1, 0, 0, 0, 0, 0, 3, 2, 0, 0, 1, 0, 2, 4, 1, 0, 0]","['off_line', 'off_line', 'off_line', 'off_line', 'off_line', 'off_line', 'off_line', 'off_line', 'off_line', 'off_line', 'off_line', 'off_line', 'off_line', 'busy', 'busy', 'off_line', 'off_line', 'off_line', 'off_line', 'busy', 'normal', 'off_line', 'off_line', 'off_line']","Music that doesn't suck, sports fan, tech geek, other random interests. Keep your pronouns/delusion. See a therapist.",[802812852]
102,2689725379,user_102,user102,I bad pass them all ****,2014-07-29 09:57:49+00:00,724,779,[],[],[],[],"[2, 1, 4, 1, 1, 4, 2, 5, 1, 4, 2, 3, 5, 3, 2, 3, 1, 2, 5, 2, 2, 2, 1, 2]","['busy', 'off_line', 'normal', 'off_line', 'off_line', 'normal', 'busy', 'normal', 'off_line', 'normal', 'busy', 'busy', 'normal', 'busy', 'busy', 'busy', 'off_line', 'busy', 'normal', 'busy', 'busy', 'busy', 'off_line', 'busy']",I bad pass them all ****,[]
103,121216105,user_103,user103,"60's Hippie-Chick ~ Radio/TV Background, Writer. Love Politics! Satire! RocknRoll! Animal Lover! FunnyRox2!  LiberalDem ;)  #TheResistance  PEACE",2010-03-08 20:16:05+00:00,5480,4406,[198251155],[66],[],[],"[1, 4, 1, 0, 0, 0, 0, 0, 0, 0, 0, 0, 0, 0, 0, 0, 0, 0, 1, 2, 1, 2, 7, 3]","['off_line', 'normal', 'off_line', 'off_line', 'off_line', 'off_line', 'off_line', 'off_line', 'off_line', 'off_line', 'off_line', 'off_line', 'off_line', 'off_line', 'off_line', 'off_line', 'off_line', 'off_line', 'off_line', 'busy', 'off_line', 'busy', 'normal', 'busy']","60's Hippie-Chick ~ Radio/TV Background, Writer. Love Politics! Satire! RocknRoll! Animal Lover! FunnyRox2!  LiberalDem ;)  #TheResistance  PEACE",[]
104,18492523,user_104,user104,Auteur du blog #Sensduclient Conf√©rencier #relationclient #experienceclient #tendancesclient 30 ans d'exp√©rience. Ma passion : les belles histoires.,2008-12-30 23:40:25+00:00,7545,1203,[546141443],[75],[],[],"[0, 0, 0, 0, 0, 0, 0, 2, 1, 1, 3, 0, 0, 1, 1, 0, 0, 0, 0, 0, 1, 1, 0, 0]","['off_line', 'off_line', 'off_line', 'off_line', 'off_line', 'off_line', 'off_line', 'busy', 'off_line', 'off_line', 'busy', 'off_line', 'off_line', 'off_line', 'off_line', 'off_line', 'off_line', 'off_line', 'off_line', 'off_line', 'off_line', 'off_line', 'off_line', 'off_line']",Auteur du blog #Sensduclient Conf√©rencier #relationclient #experienceclient #tendancesclient 30 ans d'exp√©rience. Ma passion : les belles histoires.,"[14529063, 239029295]"
105,243299723,user_105,user105,...,2011-01-26 19:04:33+00:00,268,481,[],[],[],[],"[1, 1, 1, 1, 1, 1, 0, 0, 0, 0, 0, 0, 1, 1, 1, 2, 2, 2, 1, 1, 2, 1, 1, 1]","['off_line', 'off_line', 'off_line', 'off_line', 'off_line', 'off_line', 'off_line', 'off_line', 'off_line', 'off_line', 'off_line', 'off_line', 'off_line', 'off_line', 'off_line', 'busy', 'busy', 'busy', 'off_line', 'off_line', 'busy', 'off_line', 'off_line', 'off_line']",...,[]
106,16199328,user_106,user106,"Marido, padre de tres hijos, monta√±ero, viajero y empresario. üá™üá∫",2008-09-09 07:29:18+00:00,2170,2267,"[282859010, 426090051]","[2, 48]",[],[],"[2, 0, 0, 0, 0, 3, 5, 1, 3, 0, 0, 0, 2, 0, 3, 4, 0, 3, 6, 2, 1, 1, 0, 0]","['busy', 'off_line', 'off_line', 'off_line', 'off_line', 'busy', 'normal', 'off_line', 'busy', 'off_line', 'off_line', 'off_line', 'busy', 'off_line', 'busy', 'normal', 'off_line', 'busy', 'normal', 'busy', 'off_line', 'off_line', 'off_line', 'off_line']","Marido, padre de tres hijos, monta√±ero, viajero y empresario. üá™üá∫",[]
107,2436034951,user_107,user107,"Middle Bridge Partners invests in emerging companies in DC, NY, SF, IST and more. Investing to build bridges. info@middlebridgepartners.com",2014-04-09 20:39:09+00:00,160,354,"[385873148, 2380794661, 2796715257, 244185372]","[31, 74, 95, 39]",[],[],"[0, 0, 0, 2, 2, 0, 0, 0, 0, 2, 2, 0, 1, 2, 2, 1, 1, 1, 3, 2, 0, 1, 1, 0]","['off_line', 'off_line', 'off_line', 'busy', 'busy', 'off_line', 'off_line', 'off_line', 'off_line', 'busy', 'busy', 'off_line', 'off_line', 'busy', 'busy', 'off_line', 'off_line', 'off_line', 'busy', 'busy', 'off_line', 'off_line', 'off_line', 'off_line']","Middle Bridge Partners invests in emerging companies in DC, NY, SF, IST and more. Investing to build bridges. info@middlebridgepartners.com",[]
108,14951685,user_108,user108,I'm on Threads as @jma0611,2008-05-30 04:38:49+00:00,1529,1288,"[235248342, 7890312, 21687246, 18242160]","[88, 52, 4, 20]",[],[],"[1, 0, 0, 0, 0, 0, 0, 0, 0, 0, 0, 1, 0, 1, 3, 2, 3, 1, 0, 0, 0, 0, 0, 1]","['off_line', 'off_line', 'off_line', 'off_line', 'off_line', 'off_line', 'off_line', 'off_line', 'off_line', 'off_line', 'off_line', 'off_line', 'off_line', 'off_line', 'busy', 'busy', 'busy', 'off_line', 'off_line', 'off_line', 'off_line', 'off_line', 'off_line', 'off_line']",I'm on Threads as @jma0611,[]
109,15598689,user_109,user109,views expressed are my personal ones,2008-07-25 14:51:34+00:00,523,441,[15197548],[50],[],[],"[1, 1, 1, 1, 1, 1, 0, 0, 0, 0, 0, 0, 1, 1, 1, 2, 2, 2, 1, 1, 2, 1, 1, 1]","['off_line', 'off_line', 'off_line', 'off_line', 'off_line', 'off_line', 'off_line', 'off_line', 'off_line', 'off_line', 'off_line', 'off_line', 'off_line', 'off_line', 'off_line', 'busy', 'busy', 'busy', 'off_line', 'off_line', 'busy', 'off_line', 'off_line', 'off_line']",views expressed are my personal ones,[382248824]
110,296912767,user_110,user110,"Communications professional, proud Winnipegger, Slurpee connoisseur. Loves Canada, hiking, road trips, exploring new cities, soccer, photography, NYC & shoes.",2011-05-11 16:12:57+00:00,416,1038,"[2373814405, 21687246, 127677830, 296912767]","[45, 4, 26]",[],[],"[0, 2, 0, 1, 0, 0, 0, 0, 0, 0, 0, 0, 0, 0, 0, 0, 1, 0, 0, 0, 0, 0, 0, 0]","['off_line', 'busy', 'off_line', 'off_line', 'off_line', 'off_line', 'off_line', 'off_line', 'off_line', 'off_line', 'off_line', 'off_line', 'off_line', 'off_line', 'off_line', 'off_line', 'off_line', 'off_line', 'off_line', 'off_line', 'off_line', 'off_line', 'off_line', 'off_line']","Communications professional, proud Winnipegger, Slurpee connoisseur. Loves Canada, hiking, road trips, exploring new cities, soccer, photography, NYC & shoes.",[296912767]
111,2366070992,user_111,user111,I believe in science.,2014-02-28 20:25:08+00:00,213,607,"[7890312, 385873148, 428225985]","[52, 31, 93]",[],[],"[0, 0, 0, 0, 0, 0, 0, 0, 0, 0, 0, 0, 0, 0, 0, 0, 0, 3, 1, 0, 0, 0, 0, 0]","['off_line', 'off_line', 'off_line', 'off_line', 'off_line', 'off_line', 'off_line', 'off_line', 'off_line', 'off_line', 'off_line', 'off_line', 'off_line', 'off_line', 'off_line', 'off_line', 'off_line', 'busy', 'off_line', 'off_line', 'off_line', 'off_line', 'off_line', 'off_line']",I believe in science.,[]
